28600990,"Rua Guilherme Hermesdorff, 55",,,6148,19
28600991,"Barracão dos Mendes s/n, Centro",,,6148,19
28600992,"Estrada Marcos Heringer, S/N",,,6148,19
28605000,Avenida José Ruiz Bolea,,Centro,6148,19
28605010,Praça Professor José de Oliveira e Silva,,Centro,6148,19
28605030,Rua Aristão Pinto,,Centro,6148,19
28605040,Avenida Alberto Santos Dumont,,Centro,6148,19
28605050,Rua Rui Barbosa,,Centro,6148,19
28605060,Rua Padre Luís Yabar,,Centro,6148,19
28605070,Rua São Francisco,,Centro,6148,19
28605080,Rua Santa Isabel,,Centro,6148,19
28605090,Rua Henrique Zamith,,Centro,6148,19
28605100,Rua Almirante Barroso,,Centro,6148,19
28605110,Rua Alberto Meyer,,Centro,6148,19
28605120,Rua Carlos Éboli,,Centro,6148,19
28605130,Avenida Euterpe Friburguense,,Centro,6148,19
28605140,Rua General Andrade Neves,,Vilage,6148,19
28605150,Rua Maria Rosalina Bravo,,Vilage,6148,19
28605170,Praça Primeiro de Março,,Vilage,6148,19
28605180,Rua Coronel Sarmento,,Vilage,6148,19
28605190,Rua Lázaro Mateus Garcia,,Vilage,6148,19
28605200,Rua Afonso Sardou,,Vilage,6148,19
28605205,Rua Zair Pires Pirazzo,,Vilage,6148,19
28605210,Rua Manoel Rodrigues,,Vilage,6148,19
28605220,Avenida Engenheiro Hans Gaiser,,Centro,6148,19
28605230,Travessa Engenheiro Hans Gaiser,,Chácara Paraíso,6148,19
28605240,Rua Antônio Portela,,Loteamento São João,6148,19
28605250,Rua Coronel Laudemiro das Merces Ferreira,,Loteamento São João,6148,19
28605260,Rua João Pinto de Faria,,Loteamento São João,6148,19
28605270,Rua Anchieta,,Centro,6148,19
28605280,Rua Johannes Weid,,Centro,6148,19
28605290,Ladeira Robadey,,Centro,6148,19
28605300,Rua Izelino Maduro,,Chácara Paraíso,6148,19
28605305,Rua Ernestina Souza de Almeida,,Chácara Paraíso,6148,19
28605310,Rua José Cândido de Almeida,,Chácara Paraíso,6148,19
28605320,Rua Maria Ferreira Thurler,,Loteamento Sitio Jacina,6148,19
28605340,Rua Heckert,,Loteamento Sitio Jacina,6148,19
28605350,Rua Lair Rocha Turque,,Loteamento Sitio Jacina,6148,19
28605354,Rua Aquário,,Chácara Paraíso,6148,19
28605356,Rua Leão,,Chácara Paraíso,6148,19
28605358,Rua Thomas,,Chácara Paraíso,6148,19
28605360,Rua Antônio Sorrentino,,Chácara Paraíso,6148,19
28605365,Vila Santo Antônio,,Chácara Paraíso,6148,19
28605380,Rua Antônio Piran,,Chácara Paraíso,6148,19
28605390,Rua Hortêncio Gripp de Moraes,,Loteamento Sitio Jacina,6148,19
28605400,Rua Eugênio Couto,,Chácara Paraíso,6148,19
28605410,Vila Nair,,Chácara Paraíso,6148,19
28605420,Rua Olinda Shangrilá,,Chácara Paraíso,6148,19
28605425,Rua Antônio Lopes de Almeida,,Chácara Paraíso,6148,19
28605430,Rua Ruth Abreu de Freitas,,Chácara Paraíso,6148,19
28605440,Rua João Batista Malhard,,Chácara Paraíso,6148,19
28605450,Rua Augusta Daube,,Chácara Paraíso,6148,19
28605460,Rua São Sebastião,,Chácara Paraíso,6148,19
28605470,Rua Frutuoso da Silva,,Chácara Paraíso,6148,19
28605480,Rua Otacílio Teixeira,,Chácara Paraíso,6148,19
28605490,Rua Andrelino Viana da Silva,,Chácara Paraíso,6148,19
28605500,Rua Jorge Hermsdorff,,Loteamento Sitio Jacina,6148,19
28605510,Alameda Selma Gaiser,,Centro,6148,19
28605520,Estrada Friburgo-Amparo,,Chácara Paraíso,6148,19
28605525,Rua Serrana,,Chácara Paraíso,6148,19
28605530,Parada Américo Alves da Costa,,Amparo,6148,19
28605535,Rua Dezessete de Fevereiro,,Amparo,6148,19
28605540,Rua Antônio Lugon,,Amparo,6148,19
28605548,Rua Professora Hercília Gripp,,Amparo,6148,19
28605550,Rua Dez de Outubro,,Amparo,6148,19
28605553,Estrada Henrique Emerich,,Amparo,6148,19
28605555,Rua Jerônimo de Castro e Souza,,Amparo,6148,19
28605558,Rua Layrs Folly Turque,,Amparo,6148,19
28605559,Rua Joaquim Mano de Azevedo,,Amparo,6148,19
28605560,Praça Manoel Antônio Monteiro,,Amparo,6148,19
28605561,Rua Hortência Eliza Gripp,,Amparo,6148,19
28605562,Rua Wilson Lugon,,Amparo,6148,19
28605563,Rua Justino Augusto Folly,,Amparo,6148,19
28605564,Rua Professor Lima Brandão,,Amparo,6148,19
28605565,Rua Professora Maria da Penha Monteiro da Silva,,Amparo,6148,19
28605566,Rua José Joaquim Maia,,Amparo,6148,19
28605567,Travessa Breder,,Amparo,6148,19
28605568,Rua Ermelita Judith Lamblet,,Amparo,6148,19
28605570,Rua Pedro Alberto Gripp,,Amparo,6148,19
28605575,Avenida Raul Rivail Gripp,,Amparo,6148,19
28605580,Praça Pedro Baptista,,Amparo,6148,19
28605590,Rua João Lamblet,,Amparo,6148,19
28605592,Travessa Veriano Bussinger,,Amparo,6148,19
28605595,Rua Doutor Guilherme Edelberto Hermsdorff,,Amparo,6148,19
28605600,Rua Eugênio Pereira da Rosa,,Amparo,6148,19
28605608,Rua Maria Constância Pereira da Rosa Folly,,Amparo,6148,19
28605610,Estrada Coronel Heber Alves da Costa,,Chácara Paraíso,6148,19
28605700,Rua Nicola Yezzi,,Nova Suíça,6148,19
28605704,Rua Grécia,,Nova Suíça,6148,19
28605705,Rua Filisbina da Silva Pereira,,Nova Suíça,6148,19
28605706,Rua Romana Villas Boas Schuenck,,Nova Suíça,6148,19
28605707,Rua Herimano Rocha,,Nova Suíça,6148,19
28605708,Rua Theophilo Zarife,,Nova Suíça,6148,19
28605710,Rua Vicente Sorrentino,,Nova Suíça,6148,19
28605712,Rua Cândido Gaspar,,Nova Suíça,6148,19
28605714,Rua Doutor Hélio Maia,,Nova Suíça,6148,19
28605715,Rua Atts José Mariano,,Nova Suíça,6148,19
28605717,Rua Antônio Novais,,Nova Suíça,6148,19
28605719,Rua Alcides Ferreira da Rocha,,Nova Suíça,6148,19
28605720,Rua Rufino Oscar Schuenck,,Nova Suíça,6148,19
28605722,Rua Luiz Gonzaga Duque Estrada Laginestra,,Nova Suíça,6148,19
28605723,Rua Antônio Rodrigues da Silva,,Nova Suíça,6148,19
28605725,Rua Francisco Corrêa Amaral,,Nova Suíça,6148,19
28605727,Rua José Barroso,,Nova Suíça,6148,19
28605730,Rua Salvador da Rosa Canto,,Nova Suíça,6148,19
28605732,Rua Hélio Silva Canto,,Nova Suíça,6148,19
28605734,Rua Leite,,Nova Suíça,6148,19
28605736,Rua Moisés Moraes Filho,,Nova Suíça,6148,19
28605740,Avenida Waldir Teixeira de Abreu,,Nova Suíça,6148,19
28605742,Avenida Doutor Nicolau Noé,,Nova Suíça,6148,19
28605744,Rua Maria Othelina Costa,,Nova Suíça,6148,19
28605746,Rua Menezes Vertulli,,Nova Suíça,6148,19
28605748,Rua João Ramos Valença,,Nova Suíça,6148,19
28605750,Rua Maria de Lourdes Knupp Tardim,,Nova Suíça,6148,19
28605970,Rua Antônio Lugon 28,,Amparo,6148,19
28605991,"Estrada Friburgo-Amparo, s/nº - Km 09 - Loja 01",,,6148,19
28610000,Rua D,,Braunes,6148,19
28610005,Rua Dante Laginestra,,Centro,6148,19
28610006,Rua E,,Braunes,6148,19
28610007,Rua F,,Braunes,6148,19
28610010,Rua Prefeito José Eugênio Muller,,Centro,6148,19
28610020,Vila Damázio da Costa,,Centro,6148,19
28610030,Vila Acácio Borges,,Centro,6148,19
28610040,Rua Helênio Verani,,Centro,6148,19
28610050,Rua Augusto Cardoso,,Centro,6148,19
28610080,Rua Professor Menezes Wanderley,,Centro,6148,19
28610090,Rua Nossa Senhora de Fátima,,Centro,6148,19
28610110,Vila Braziellas,,Centro,6148,19
28610120,Rua Doutor Ernesto Brasílio,,Centro,6148,19
28610135,Rua Portugal,,Centro,6148,19
28610140,Rua Coronel Galiano das Neves,,Centro,6148,19
28610150,Rua Antônio Soares Macedo,,Centro,6148,19
28610160,Praça Dermerval Barbosa Moreira,,Centro,6148,19
28610170,Vila Hymirema,,Centro,6148,19
28610175,Praça Presidente Getúlio Vargas,,Centro,6148,19
28610180,Rua Luís Spinelli,,Centro,6148,19
28610190,Rua Augusto Spinelli,,Centro,6148,19
28610200,Vila Schuabb,,Centro,6148,19
28610210,Rua Major Augusto Marques Braga,,Centro,6148,19
28610220,Rua Juvenal Namem,,Centro,6148,19
28610230,Rua Monsenhor Miranda,,Centro,6148,19
28610240,Travessa Alfredo dos Santos Noel,,Centro,6148,19
28610250,Travessa Antônio Ricart,,Centro,6148,19
28610260,Rua Miranda Fortes,,Centro,6148,19
28610270,Rua Cristina Ziede,,Centro,6148,19
28610280,Rua Farinha Filho,,Centro,6148,19
28610290,Praça Doutor João Bazet,,Centro,6148,19
28610300,Rua Casimiro de Abreu,,Centro,6148,19
28610310,Estrada do Tinguely,,Centro,6148,19
28610320,Rua Sílvio Rangel,,Centro,6148,19
28610325,Rua Josephina Salusse das Neves,,Centro,6148,19
28610330,Rua Adolfo Lautz,,Centro,6148,19
28610332,Rua Doutor José Galiano das Neves,,Suíço,6148,19
28610334,Rua Courfaivre,,Suíço,6148,19
28610336,Rua Montes Jura,,Suíço,6148,19
28610338,Rua Carlos Luiz Jacob,,Suíço,6148,19
28610339,Rua Fontenais,,Suíço,6148,19
28610340,Rua Nicolau Gachet,,Suíço,6148,19
28610341,Rua do Valais,,Suíço,6148,19
28610345,Rua Padre Jacob Joye,,Suíço,6148,19
28610347,Rua de Lausanne,,Suíço,6148,19
28610350,Rua Artur Sardou,,Suíço,6148,19
28610360,Vila Juvenal Marques,,Centro,6148,19
28610370,Rua Pedro Salusse,,Suíço,6148,19
28610380,Rua Santos Werneck,,Centro,6148,19
28610390,Rua Monsenhor José Antônio Teixeira,,Centro,6148,19
28610400,Travessa Manoel Vicente Valentim,,Centro,6148,19
28610410,Travessa Antônio Fernandes Moreira,,Centro,6148,19
28610420,Rua Josina Barbosa Folly,,Centro,6148,19
28610430,Rua Maestro Carlos Rotay,,Centro,6148,19
28610440,Rua Eduardo Salusse,,Centro,6148,19
28610450,Rua Oswaldo Cruz,,Braunes,6148,19
28610470,Alameda Mariana Salusse,,Centro,6148,19
28610970,Rua Augusto Cardoso 59,,Centro,6148,19
28610971,Rua Dante Laginestra 39/43,,Centro,6148,19
28610973,Rua Augusto Spinelli 152,,Centro,6148,19
28610974,Praça Presidente Getúlio Vargas 85,,Centro,6148,19
28611000,Rua Carlos Alberto Braune,,Braunes,6148,19
28611010,Rua Antônio Roussoulieres,,Braunes,6148,19
28611020,Rua Sara Braune,,Braunes,6148,19
28611030,Rua Euclides da Cunha,,Braunes,6148,19
28611040,Rua João Luiz Manhães,,Braunes,6148,19
28611050,Rua Bernardo Pinto,,Braunes,6148,19
28611060,Rua Professor Worms de Carvalho Bastos,,Braunes,6148,19
28611070,Rua Doutor Barcelos,,Braunes,6148,19
28611080,Rua Dulce Braune,,Braunes,6148,19
28611090,Rua Vicente de Morais,,Braunes,6148,19
28611100,Rua Helena Coutinho,,Braunes,6148,19
28611110,Rua Castro Alves,,Braunes,6148,19
28611120,Travessa Itajaí,,Braunes,6148,19
28611135,Rua José Acurcio Benigno,,Braunes,6148,19
28611140,Rua Joaquim Pereira de Faria,,Braunes,6148,19
28611150,Rua Professora Leonidia Ferreira,,Braunes,6148,19
28611160,Rua Ângelo Merec,,Braunes,6148,19
28611170,Rua Adelaide Martins Novaes,,Braunes,6148,19
28611175,Rua João dos Santos Monteiro,,Braunes,6148,19
28611180,Rua Manoel Antunes Nogueira,,Sans Souci,6148,19
28611185,Rua Vereador Ned Torres,,Sans Souci,6148,19
28611190,Rua Clélia Letícia Eulália Roseli,,Braunes,6148,19
28611195,Rua da Avenca,,Braunes,6148,19
28611200,Rua Ernesto Bizzoto Filho,,Braunes,6148,19
28611205,Rua Vila Repos,,Braunes,6148,19
28611210,Rua Jacy Linhares Ramos,,Braunes,6148,19
28611212,Rua Ville de Fribourg,,Braunes,6148,19
28611214,Rua Joé Bonin,,Braunes,6148,19
28611216,Rua José do Couto Raposo,,Braunes,6148,19
28611220,Rua Knust,,Braunes,6148,19
28611230,Rua Visconde de Itaboraí,,Braunes,6148,19
28611235,Rua Adelino Araujo de Barros,,Braunes,6148,19
28611240,Rua João Mauro,,Braunes,6148,19
28611250,Rua Professor Oswaldo Barata,,Braunes,6148,19
28611260,Rua Itajaí,,Braunes,6148,19
28611270,Rua Marques de Souza,,Braunes,6148,19
28611280,Rua Bagé,,Braunes,6148,19
28611290,Rua Presidente Artur Bernardes,,Braunes,6148,19
28611300,Rua Eugênio Gripp,,Braunes,6148,19
28611310,Rua Antônio Luís Braga,,Braunes,6148,19
28611320,Rua Edith Pinheiro de Faria,,Cordoeira,6148,19
28611330,Rua Frossard,,Braunes,6148,19
28611340,Travessa Frossard,,Cordoeira,6148,19
28611350,Rua João Heringer,,Braunes,6148,19
28611360,Rua Pierre Bikart,,Braunes,6148,19
28611370,Rua Major Rúbens Florentino Vaz,,Braunes,6148,19
28611380,Rua Santa Luzia,,Braunes,6148,19
28611390,Rua Nelson Kemp,,Braunes,6148,19
28611400,Rua Estanislau Martins,,Centro,6148,19
28611990,"Estrada João Heringer, s/nº - Km 26",,,6148,19
28613000,Avenida Alberto Braune,- lado par,Centro,6148,19
28613001,Avenida Alberto Braune,- lado ímpar,Centro,6148,19
28613005,Vila Peçanha,,Centro,6148,19
28613010,Vila Mazzei,,Centro,6148,19
28613020,Rua Oliveira Botelho,,Centro,6148,19
28613030,Vila Pedrina,,Centro,6148,19
28613040,Rua Fernando Bizzoto,,Centro,6148,19
28613050,Travessa Vereador Antônio Elías,,Centro,6148,19
28613060,Rua Duque de Caxias,,Centro,6148,19
28613070,Rua José Nahuma Bechara,,Centro,6148,19
28613080,Rua Eugênio Thurler,,Centro,6148,19
28613090,Avenida Itália,,Centro,6148,19
28613100,Rua Comandante Ribeiro de Barros,,Centro,6148,19
28613110,Vila Zezé,,Centro,6148,19
28613120,Avenida Campesina Friburguense,,Centro,6148,19
28613130,Rua Leuenroth,,Centro,6148,19
28613140,Avenida Governador Geremias de Mattos Fontes,,Centro,6148,19
28613150,Rua São Judas Tadeu,,Centro,6148,19
28613160,Rua Carlos Engert,,Centro,6148,19
28613170,Vila Maestro José Paulo Silva,,Centro,6148,19
28613180,Rua Modesto de Mello,,Centro,6148,19
28613190,Rua Lopes Trovão,,Centro,6148,19
28613200,Rua Gonçalves Dias,,Centro,6148,19
28613210,Rua Moisés Amélio,,Centro,6148,19
28613220,Rua Mac-Niven,,Centro,6148,19
28613230,Avenida Emil Cleff,,Ypu,6148,19
28613240,Rua Beauclair,,Cordoeira,6148,19
28613250,Rua General Argolo,,Cordoeira,6148,19
28613260,Rua Guarani,,Cordoeira,6148,19
28613270,Rua Conselheiro Sinimbu,,Perissê,6148,19
28613280,Vila Rei Cristo,,Perissê,6148,19
28613290,Rua Marechal Floriano Peixoto,,Perissê,6148,19
28613300,Rua Carlos Gomes,,Ypu,6148,19
28613310,Rua Lopes Marins,,Perissê,6148,19
28613320,Rua Emília Roschemant,,Perissê,6148,19
28613323,Rua Almirante Pinto Guedes,,Perissê,6148,19
28613325,Rua Almirante Alexandrino de Alencar,,Perissê,6148,19
28613326,Rua Almirante Coelho Netto,,Perissê,6148,19
28613327,Rua Almirante Joaquim Maurity,,Perissê,6148,19
28613330,Rua Monteiro Lobato,,Perissê,6148,19
28613340,Rua Olga Ferreira das Neves,,Perissê,6148,19
28613350,Rua Almirante Lourenço Maranhão Vieira,,Perissê,6148,19
28613390,Rua Sérvio Lago,,Perissê,6148,19
28613400,Travessa Sauerbronn,,Perissê,6148,19
28613410,Rua Humaitá,,Perissê,6148,19
28613420,Rua Machado de Assis,,Perissê,6148,19
28613430,Rua Ana Mattos,,Perissê,6148,19
28613440,Vila Centenário,,Perissê,6148,19
28613450,Rua Thiers Perissê,,Perissê,6148,19
28613460,Rua Ponta Porã,,Perissê,6148,19
28613470,Rua Américo Bernardes Martinez,,Perissê,6148,19
28613480,Rua Campos Salles,,Perissê,6148,19
28613490,Rua Maximilian Falck,,Perissê,6148,19
28613500,Rua Major Joviano das Neves,,Perissê,6148,19
28613510,Rua Júlio Perissê,,Perissê,6148,19
28613520,Rua Bela Vista,,Perissê,6148,19
28613530,Rua Otávio Pereira Júnior,,Centro,6148,19
28613540,Vila Tavares,,Perissê,6148,19
28613550,Rua Agenor Roure,,Perissê,6148,19
28613560,Rua Coronel Zamith,,Ypu,6148,19
28613570,Rua Cristóvão Colombo,,Centro,6148,19
28613580,Rua Augusto Severo,,Centro,6148,19
28613583,Travessa Jorge Veríssimo de Oliveira,,Centro,6148,19
28613590,Travessa Augusto Severo,,Centro,6148,19
28613600,Rua Fagundes Varela,,Centro,6148,19
28613610,Travessa Gripp,,Centro,6148,19
28613620,Rua Edelberto Eyer,,Braunes,6148,19
28613630,Rua José do Patrocínio,,Cordoeira,6148,19
28613640,Rua Quintino Bocaiúva,,Cordoeira,6148,19
28613650,Rua Jaccoud,,Cordoeira,6148,19
28613660,Rua Antônio Sena,,Cordoeira,6148,19
28613670,Rua Palmerin Tranin,,Cordoeira,6148,19
28613680,Rua Teófilo Marra,,Cordoeira,6148,19
28613690,Rua Elisa Ventura,,Cordoeira,6148,19
28613700,Rua Esperanto,,Cordoeira,6148,19
28613710,Rua Prefeito Amâncio de Azevedo,,Cordoeira,6148,19
28613720,Rua Emília Falchetto,,Cordoeira,6148,19
28613730,Rua Manoel Cristiano Bussinger,,Cordoeira,6148,19
28613740,Vila Dom Bosco,,Cordoeira,6148,19
28613750,Rua Darcília dos Santos,,Cordoeira,6148,19
28613760,Conjunto João de Barros,,Cordoeira,6148,19
28613770,Rua Roberto Martins,,Cordoeira,6148,19
28613780,Rua José de Alencar,,Cordoeira,6148,19
28613790,Rua Santa Rita de Cássia,,Vila Guarani,6148,19
28613800,Vila José de Souza Barbosa,,Cordoeira,6148,19
28613810,Rua Humberto Guariglia,,Cordoeira,6148,19
28614000,Rua Doutor Zamenhoff,,Vila Guarani,6148,19
28614020,Rua Fernandes Ennes,,Cordoeira,6148,19
28614030,Rua Pedro Ranucci,,Vila Guarani,6148,19
28614040,Travessa Santa Rita de Cássia,,Vila Guarani,6148,19
28614050,Rua Manoel Luís Folly,,Vila Guarani,6148,19
28614060,Rua José Álvares Rodrigues,,Vila Guarani,6148,19
28614070,Rua Elisa Serta,,Vila Guarani,6148,19
28614080,Rua Antônio Lopes Serta,,Vila Guarani,6148,19
28614090,Rua Raul Serta,,Catarcione,6148,19
28614100,Rua Sílvio Schuemck,,Serraville,6148,19
28614120,Rua Hélio Jaccoud,,Vila Guarani,6148,19
28614130,Rua Mário Serta,,Catarcione,6148,19
28614140,Rua João Evangelista Maier,,Santa Elisa,6148,19
28614150,Rua Monerat,,Catarcione,6148,19
28614160,Rua Francisco Ruiz Galves,,Sans Souci,6148,19
28614170,Rua Sílvio Carestiato,,Sans Souci,6148,19
28614180,Rua Boechat,,Sans Souci,6148,19
28614190,Rua Luterbak,,Sans Souci,6148,19
28614200,Rua Kroft,,Sans Souci,6148,19
28614220,Rua Luiz Catarcione,,Catarcione,6148,19
28614230,Largo do Coqueiro,,Catarcione,6148,19
28614240,Travessa dos Estudantes,,Catarcione,6148,19
28614250,Rua Romualdo Machado,,Catarcione,6148,19
28614260,Rua Domingos Franceschini,,Catarcione,6148,19
28614270,Rua Waldemiro Banjar,,Catarcione,6148,19
28614280,Rua Antônio Banjar,,Catarcione,6148,19
28614290,Rua Sebastião Thomé,,Catarcione,6148,19
28614300,Rua José Lannes,,Catarcione,6148,19
28614310,Rua Eugênio Nideck,,Catarcione,6148,19
28614320,Travessa Viriato Lima,,Catarcione,6148,19
28614330,Travessa Mário Martins,,Catarcione,6148,19
28614340,Travessa Noberto Machado,,Catarcione,6148,19
28614350,Travessa Júlia Braga Cordeiro,,Catarcione,6148,19
28614360,Rua João Augusto da Silva,,Catarcione,6148,19
28614370,Rua Costa Guimarães,,Catarcione,6148,19
28614380,Rua Francisco Freitas,,Catarcione,6148,19
28614390,Travessa Osório de Moura,,Catarcione,6148,19
28614400,Travessa Arlindo Dutra,,Catarcione,6148,19
28614410,Rua Manoel Alexandre de Moura,,Catarcione,6148,19
28615005,Praça Vereador Haivt,,Ypu,6148,19
28615010,Rua Visconde do Rio Branco,,Ypu,6148,19
28615030,Rua Augusto Faustino Ouverney,,Ponte da Saudade,6148,19
28615033,Rua Tio Lucas,,Ponte da Saudade,6148,19
28615035,Rua Álvares de Azevedo,,Ponte da Saudade,6148,19
28615040,Travessa Carlos Luiz Sanches,,Ypu,6148,19
28615050,Rua Alvarez de Azevedo,,Ypu,6148,19
28615055,Rua Vereador José Martins da Costa,,Ponte da Saudade,6148,19
28615060,Avenida Manoel Carneiro de Menezes,,Mury,6148,19
28615063,Rua Maria Casas de Onofre,,Mury,6148,19
28615064,Rua Mário Haiut,,Mury,6148,19
28615065,Rodovia RJ-116,,Ponte da Saudade,6148,19
28615067,Estrada Adolpho Otto Schultz,,Ponte da Saudade,6148,19
28615070,Travessa Nideck,,Ponte da Saudade,6148,19
28615075,Rua Rio São João,,Ponte da Saudade,6148,19
28615077,Rua Rio Mazambu,,Ponte da Saudade,6148,19
28615080,Rua Felipe Camarão,,Ponte da Saudade,6148,19
28615085,Rua Lenir Lopes Veiga,,Ponte da Saudade,6148,19
28615090,Rua José Maria Raminelli,,Ponte da Saudade,6148,19
28615100,Rua Luiz de Camões,,Ponte da Saudade,6148,19
28615110,Alameda Domingos Vassalo,,Parque Dom João VI,6148,19
28615113,Rua Bauru,,Parque Dom João VI,6148,19
28615115,Rua Bangu,,Parque Dom João VI,6148,19
28615120,Rua José da Costa Cabral,,Ponte da Saudade,6148,19
28615122,Rua Agrimensor Antônio,,Ponte da Saudade,6148,19
28615124,Rua Waldir Pereira Ferro,,Ponte da Saudade,6148,19
28615125,Rua Manoel Pereira Ferro,,Ponte da Saudade,6148,19
28615130,Rua Luiza de Souza Barros,,Ponte da Saudade,6148,19
28615135,Estrada Prefeito Cezar Guinle,,Ponte da Saudade,6148,19
28615140,Rua Walter Azevedo,,Ponte da Saudade,6148,19
28615150,Rua Jornalista Pedro Curió,,Ponte da Saudade,6148,19
28615160,Rua Clodoaldo Cordeiro Aparício,,Ponte da Saudade,6148,19
28615170,Rua da Imprensa,,Ponte da Saudade,6148,19
28615180,Rua Noêmia Moreira Herdy,,Ponte da Saudade,6148,19
28615190,Rua Clementino Fraga,,Ponte da Saudade,6148,19
28615195,Rua João Maria Perestrello Braune,,Ponte da Saudade,6148,19
28615200,Rua Miguel Couto,,Ponte da Saudade,6148,19
28615210,Rua José Pedro Ferreira,,Ponte da Saudade,6148,19
28615212,Rua Aurelino Plínio dos Santos,,Ponte da Saudade,6148,19
28615220,Rua Professor Siegfried Presner,,Ponte da Saudade,6148,19
28615230,Avenida Hamburgo,,Mury,6148,19
28615236,Rua Silvio Gonçalves da Rosa,,Mury,6148,19
28615238,Rua Conte Berbet,,Mury,6148,19
28615240,Rua Thomé,,Mury,6148,19
28615245,Rua Conte Herbert,,Mury,6148,19
28615250,Travessa Thomé,,Mury,6148,19
28615260,Rua Maracanã,,Mury,6148,19
28615270,Rua da Igualdade,,Mury,6148,19
28615280,Rua Pedro Américo,,Mury,6148,19
28615290,Rua Três de Setembro,,Mury,6148,19
28615300,Rua Oscar Augusto Ferreira,,Ponte da Saudade,6148,19
28615305,Rua Ypê Roxo,,Mury,6148,19
28615307,Rua Laura Rosa Cunha,,Mury,6148,19
28615310,Rua Bel Vale,,Mury,6148,19
28615315,Avenida Walter Machado Thedin,,Mury,6148,19
28615317,Rua Boa Vitória,,Mury,6148,19
28615318,Rua dos Colibris,,Theodoro de Oliveira,6148,19
28615319,Rua Castro Maia,,Mury,6148,19
28615320,Rua Apolônia Pinto,,Mury,6148,19
28615322,Rua José Gonçalves de Onofre,,Theodoro de Oliveira,6148,19
28615324,Estrada Ceres,,Mury,6148,19
28615325,Rua Antônio Francisco Sena,,Mury,6148,19
28615326,Estrada do Imperador,,Mury,6148,19
28615328,Estrada do Sobradinho,,Mury,6148,19
28615330,Vila Santa Rita,,Mury,6148,19
28615334,Rua Doutor Walter dos Santos Teixeira,,Theodoro de Oliveira,6148,19
28615340,Rua dos Palmares,,Debossan,6148,19
28615350,Rua dos Pinheiros,,Mury,6148,19
28615360,Rua Cipreste,,Debossan,6148,19
28615370,Rua das Azaléias,,Debossan,6148,19
28615380,Praça Hermann Osthmann,,Mury,6148,19
28615390,Rua Mimosa,,Debossan,6148,19
28615400,Rua Tietê,,Mury,6148,19
28615410,Rua Villa Lobos,,Ponte da Saudade,6148,19
28615420,Rua Eduardo Tiene,,Mury,6148,19
28615430,Rua Bruno Weismann,,Mury,6148,19
28615437,Estrada Ovídio Francisco,,Mury,6148,19
28615440,Rua José Stadler,,Mury,6148,19
28615445,Estrada Acedimiro Bussinger,,Mury,6148,19
28615450,Estrada Vereador Eugênio Guilherme Spitz,,Mury,6148,19
28615453,Rua Manoel Alves de Souza,,Mury,6148,19
28615454,Rua Dinair Machon Fontão,,Mury,6148,19
28615456,Rua Dálgio Luiz Caristiato,,Mury,6148,19
28615460,Rua Virgínia Ribeiro,,Mury,6148,19
28615470,Rua Itaberaba,,Mury,6148,19
28615480,Estrada do Belorio,,Mury,6148,19
28615490,Rua Rosa Ramos Bussinger,,Mury,6148,19
28615500,Rua Antiga Linha Férrea,,Mury,6148,19
28615515,Estrada Eduardo Francisco do Canto,,Mury,6148,19
28615520,Rua Santarém,,Mury,6148,19
28615530,Rua Domingos Fernandes Moreira,,Mury,6148,19
28615540,Rua Monte Flórida,,Mury,6148,19
28615550,Rua Augusto A. Mineiro,,Debossan,6148,19
28615555,Rua da Glória,,Debossan,6148,19
28615560,Alameda Kinota,,Debossan,6148,19
28615565,Rua Amélia Bongart Ouverney,,Debossan,6148,19
28615568,Rua Virgínia Wanderosky Ouverney,,Debossan,6148,19
28615570,Rua Hans Garlipp,,Debossan,6148,19
28615580,Estrada do Mirandela,,Mury,6148,19
28615590,Rua Alexandre Fleming,,Debossan,6148,19
28615600,Rua Abaré,,Mury,6148,19
28615610,Rua Abrantes,,Mury,6148,19
28615620,Rua Alfredo Lópes Carvalho,,Debossan,6148,19
28615625,Rua Itabuna,,Debossan,6148,19
28615640,Rua Cordeiro,,Debossan,6148,19
28615650,Rua Jonas Salck,,Debossan,6148,19
28615660,Rua Gertrudes Stern,,Debossan,6148,19
28615665,Rua José Manoel Dias,,Debossan,6148,19
28615670,Rua Miguel Chequer Baduy,,Debossan,6148,19
28615680,Estrada Serra Nevada,,Debossan,6148,19
28615690,Estrada Foz do Iguaçu,,Debossan,6148,19
28615700,Rua Lisboa,,Debossan,6148,19
28615970,Avenida Hamburgo 730,,Mury,6148,19
28615991,"Estrada Rio Bonito, s/n",,,6148,19
28616000,Avenida Ana Barbosa Moreira,,Parque Dom João VI,6148,19
28616005,Praça Antônio Durval de Morais,,Lumiar,6148,19
28616007,Praça Levy Ayres Brust,,Lumiar,6148,19
28616010,Praça Carlos Maria Marchon,,Lumiar,6148,19
28616015,Rua Otília Pereira Schuabb,,Parque Dom João VI,6148,19
28616025,Rua Peri Valentim,,Ponte da Saudade,6148,19
28616030,Alameda do Canal,,Parque Dom João VI,6148,19
28616040,Alameda das Acácias,,Parque Dom João VI,6148,19
28616042,Alameda do Lago,,Parque Dom João VI,6148,19
28616045,Rua Guilherme Henrique Spitz,,Lumiar,6148,19
28616050,Alameda do Coqueiro,,Parque Dom João VI,6148,19
28616055,Estrada João Henringer,,Lumiar,6148,19
28616060,Rua Jorge Leopoldo Berbet,,Lumiar,6148,19
28616070,Rua Moacir Klen Brust,,Lumiar,6148,19
28616075,Alameda do Pomar,,Parque Dom João VI,6148,19
28616080,Estrada Pedra Riscada,,Lumiar,6148,19
28616085,Alameda dos Sanhandus,,Parque Dom João VI,6148,19
28616090,Alameda das Pedras Negras,,Parque Dom João VI,6148,19
28616093,Rua Júlio Ambrósio Palmerin,,Lumiar,6148,19
28616095,Rua Pedro Brust,,Lumiar,6148,19
28616100,Rua Oswaldo Schuabb,,Parque Dom João VI,6148,19
28616105,Rua Quinze de Novembro,,Lumiar,6148,19
28616107,Rua Dom Pedro Segundo,,Parque Dom João VI,6148,19
28616109,Alameda do Planalto,,Parque Dom João VI,6148,19
28616110,Rua Lara Vilela,,Parque Dom João VI,6148,19
28616115,Rua Sete de Setembro,,Lumiar,6148,19
28616120,Rua Doutor Goulart Monteiro,,São Pedro da Serra,6148,19
28616125,Rua Princesa Isabel,,Parque Dom João VI,6148,19
28616130,Praça João Heringer,,São Pedro da Serra,6148,19
28616135,Rua Monte Alverne,,Parque Dom João VI,6148,19
28616137,Alameda Maria José Pacheco,,Parque Dom João VI,6148,19
28616140,Rua Nova Aurora,,São Pedro da Serra,6148,19
28616142,Estrada Nemésio Schimidt,,São Pedro da Serra,6148,19
28616145,Rua Visconde de Ouro Preto,,Parque Dom João VI,6148,19
28616150,Rua Padre Vieira,,Parque Dom João VI,6148,19
28616155,Rua Rodrigues Alves,,São Pedro da Serra,6148,19
28616157,Rua Juca Barroso,,São Pedro da Serra,6148,19
28616160,Rua Dom Pedro I,,Parque Dom João VI,6148,19
28616165,Rua João Carlos Brust,,Loteamento São Sebastião,6148,19
28616170,Rua Boy,,Varginha,6148,19
28616180,Rua Amílcar Carpenter Ferez,,Varginha,6148,19
28616183,Rua Miguel Alves Pena,,Varginha,6148,19
28616186,Rua Maria Isabel Sangy,,Varginha,6148,19
28616190,Rua Rimes,,Varginha,6148,19
28616196,Rua Minaçu,,Varginha,6148,19
28616198,Servidão Paraúna,,Varginha,6148,19
28616200,Rua Francisco Lopes,,Varginha,6148,19
28616205,Rua Ana Sartoli Catarcione,,Varginha,6148,19
28616210,Rua Enemezio Folly,,Varginha,6148,19
28616220,Rua Francisco Ferreira,,Varginha,6148,19
28616240,Rua Manhães,,Varginha,6148,19
28616245,Rua Wilson Teixeira de Mello,,Varginha,6148,19
28616247,Rua Waldir Ramalhete Lemos,,Varginha,6148,19
28616250,Rua Francisco Freitas,,Varginha,6148,19
28616255,Rua Manoel Alexandre de Moura,,Varginha,6148,19
28616260,Rua Leonino Dutra,,Varginha,6148,19
28616265,Rua Flávio Azevedo,,Varginha,6148,19
28616280,Rua Maria Batista Moliari,,Varginha,6148,19
28616290,Rua Antônio Brunhollo,,Varginha,6148,19
28616310,Rua Amaragi,,Varginha,6148,19
28616320,Rua Lúcio Antunes Nogueira,,Varginha,6148,19
28616330,Estrada do Curuzu,,Varginha,6148,19
28616335,Rua Vale das Formigas,,Varginha,6148,19
28616340,Rua dos Affonso Mariano de Souza,,Varginha,6148,19
28616343,Rua Cabrobó,,Varginha,6148,19
28616345,Rua Oscar Schultz,,Varginha,6148,19
28616348,Rua Bodocó,,Varginha,6148,19
28616350,Rua Joaquim Moreira de Araujo Netto,,Varginha,6148,19
28616355,Rua dos Algodões,,Varginha,6148,19
28616360,Rua do Condor,,Varginha,6148,19
28616362,Rua Doutor Waldir Ramalhete Lemos,,Varginha,6148,19
28616364,Avenida Arthur da Silva Franco,,Varginha,6148,19
28616366,Rua Doutor Castro Rabello,,Varginha,6148,19
28616368,Rua Doutor Alberto Porto da Silveira,,Varginha,6148,19
28616370,Rua Doutor Assaf Muci Daeir,,Varginha,6148,19
28616372,Rua Ivo França de Carvalho,,Varginha,6148,19
28616374,Rua Manoel Francisco de Mattos,,Varginha,6148,19
28616376,Rua do Falcão,,Varginha,6148,19
28616378,Rua da Águia,,Varginha,6148,19
28616380,Rua do Cisne,,Varginha,6148,19
28616382,Rua Olga Alves da Costa Merecci,,Varginha,6148,19
28616386,Rua Albatroz,,Varginha,6148,19
28616390,Rua da Garça,,Varginha,6148,19
28616971,"Rua Rodrigues Alves, S/N",,São Pedro da Serra,6148,19
28617000,Estrada Bela Vista,,Fazenda Bela Vista,6148,19
28617010,Avenida Joviniano José Sanglard,,Fazenda Bela Vista,6148,19
28617015,Estrada dos Pessegueiros,,Fazenda Bela Vista,6148,19
28617020,Estrada Lucas Bohrer,,Fazenda Bela Vista,6148,19
28617030,Rua Santa Clara,,Fazenda Bela Vista,6148,19
28617040,Rua Alexandre Francisco de Moraes,,Fazenda Bela Vista,6148,19
28617045,Alameda da Saudade,,Fazenda Bela Vista,6148,19
28617050,Rua Pastor Frederico Oswaldo Sauerbronn,,Fazenda Bela Vista,6148,19
28617070,Rua Maestro Antônio Moreira de Carvalho,,Fazenda Bela Vista,6148,19
28617080,Rua João Batista Mendonça,,Fazenda Bela Vista,6148,19
28617090,Rua Francisco de Assis Ribeiro Cantelmo,,Fazenda Bela Vista,6148,19
28620000,Avenida Júlio Antônio Thurler,,Olaria,6148,19
28620010,Rua Rosa Agda de Medeiros,,Olaria,6148,19
28620020,Rua Júlio Espanhol Vicente,,Olaria,6148,19
28620030,Vila Operária,,Olaria,6148,19
28620035,Rua Wilton Caetano Pirazzo,,Olaria,6148,19
28620040,Rua José Saldanha,,Olaria,6148,19
28620050,Praça Primeiro de Maio,,Olaria,6148,19
28620060,Rua Nossa Senhora das Graças,,Olaria,6148,19
28620070,Rua Maria d'Ângelo Magliano,,Olaria,6148,19
28620075,Avenida José Pires Barroso,,Olaria,6148,19
28620080,Rua Doutor Jorge El-Jaick,,Olaria,6148,19
28620090,Rua Expedicionário Antônio de Morais,,Olaria,6148,19
28620100,Rua Eugênio Afonso Mury,,Olaria,6148,19
28620105,Rua Francisco Nicolau,,Olaria,6148,19
28620120,Rua Allan Kardeck,,Olaria,6148,19
28620130,Rua Primavera,,Olaria,6148,19
28620140,Rua da Graça,,Olaria,6148,19
28620150,Rua Maria da Glória Neno,,Olaria,6148,19
28620160,Rua Balbino de Souza,,Olaria,6148,19
28620170,Rua Romão Aguilera Campos,,Olaria,6148,19
28620180,Rua Uruguaiana,,Olaria,6148,19
28620200,Rua Cândido Pardal,,Olaria,6148,19
28620205,Rua Purus,,Olaria,6148,19
28620230,Rua Guaporé,,Olaria,6148,19
28620240,Rua Presidente Backer,,Olaria,6148,19
28620250,Rua Amapá,,Olaria,6148,19
28620270,Rua Clarindo Carestiato,,Olaria,6148,19
28620280,Rua Afonso Mário de Azevedo,,Olaria,6148,19
28620300,Rua João Januário da Silva,,Olaria,6148,19
28620310,Rua Xingu,,Olaria,6148,19
28620320,Rua Hugo Mota,,Olaria,6148,19
28620340,Rua Souza Miranda,,Olaria,6148,19
28620350,Rua Franklin Coutinho,,Olaria,6148,19
28620970,Avenida Júlio Antônio Thurler 34,,Olaria,6148,19
28621000,Rua Presidente Kennedy,,Cônego,6148,19
28621010,Rua Noel Rosa,,Cônego,6148,19
28621020,Rua Barão de Lucena,,Cônego,6148,19
28621030,Rua Alpina,,Cônego,6148,19
28621040,Rua Luís José Faccacio,,Cônego,6148,19
28621050,Rua Hamil Feres,,Cônego,6148,19
28621060,Rua João XXIII,,Cônego,6148,19
28621070,Rua Beethoven,,Cônego,6148,19
28621080,Rua Wagner,,Cônego,6148,19
28621090,Rua Carolina Emília da Cunha,,Cônego,6148,19
28621100,Rua Manoel José da Cunha,,Cônego,6148,19
28621110,Rua Chopin,,Cônego,6148,19
28621112,Rua Regina de Azevedo,,Cônego,6148,19
28621114,Rua Júlio Belmiro Schuenck,,Cônego,6148,19
28621116,Rua Jocelino do Nascimento de Azevedo,,Cônego,6148,19
28621120,Rua Antônio José da Silva,,Cônego,6148,19
28621130,Rua Marechal Rondon,,Cônego,6148,19
28621135,Rua Vereador Aristão Jaccoud,,Cônego,6148,19
28621137,Estrada Mário Antônio Thurler,,Cônego,6148,19
28621139,Rua Acyrema Vassallo de Azevedo,,Cônego,6148,19
28621140,Rua Pedro Almeida Silveira,,Cônego,6148,19
28621150,Rua Clóvis Bevilacqua,,Cônego,6148,19
28621160,Rua Lauro Sodré,,Cônego,6148,19
28621170,Rua Deolinda Thurler,,Cônego,6148,19
28621180,Rua das Flores,,Cônego,6148,19
28621190,Rua Francisco Herdy,,Cônego,6148,19
28621200,Rua Alberto Pecci,,Cônego,6148,19
28621217,Rua Adhemar Pinheiro,,Cônego,6148,19
28621220,Rua Aurora Silveira,,Cônego,6148,19
28621235,Rua Grenecillo Luciano Borges,,Cônego,6148,19
28621240,Travessa Tupiniquins,,Cônego,6148,19
28621260,Rua Itajubá,,Vargem Grande,6148,19
28621270,Rua Francisco Eugênio Frotte,,Vargem Grande,6148,19
28621280,Rua Caramuru,,Vargem Grande,6148,19
28621290,Rua Emília Francelina Barroso,,Cônego,6148,19
28621300,Rua Maria Francelina Barroso,,Cônego,6148,19
28621305,Rua Augusta Horn,,Cônego,6148,19
28621310,Rua São José do Cônego,,Cônego,6148,19
28621313,Travessa Santa Isabel,,Cônego,6148,19
28621320,Rua Constantino Cabral,,Cônego,6148,19
28621330,Vila São Luís Gonzaga,,Cônego,6148,19
28621340,Rua Francisco Cabral,,Cônego,6148,19
28621350,Rua Dom João VI,,Cônego,6148,19
28621355,Vila Janete Pires Barroso,,Cônego,6148,19
28621360,Rua Tohoro Kassuga,,Cônego,6148,19
28621370,Rua Maria Glória Silva,,Cascatinha,6148,19
28621375,Rua Armando Braune,,Cascatinha,6148,19
28621380,Rua Francisco de Almeida Sobrinho,,Cascatinha,6148,19
28621390,Rua Avelino Frotte,,Cascatinha,6148,19
28621400,Rua Edevaldo Cunha,,Cascatinha,6148,19
28621410,Travessa Vidal,,Cascatinha,6148,19
28621420,Rua Maria Francelino Medeiros,,Cascatinha,6148,19
28621430,Rua Santo Antônio,,Cascatinha,6148,19
28621435,Travessa Jorge Alves da Costa,,Cascatinha,6148,19
28621440,Rua Joaquim José da Silva,,Cascatinha,6148,19
28621445,Rua Cândido Sales,,Cascatinha,6148,19
28621450,Rua Carlos da Silveira Carneiro,,Cascatinha,6148,19
28621460,Rua Gandhi,,Cônego,6148,19
28621465,Rua Doutor Prudêncio Rodrigues Miranda,,Cônego,6148,19
28621470,Rua Churchill,,Cônego,6148,19
28621480,Rua Vital Brasil,,Cônego,6148,19
28621490,Rua Fleming,,Cônego,6148,19
28621500,Rua Tamoio,,Cascatinha,6148,19
28621505,Rua Victor Hugo,,Cônego,6148,19
28621510,Rua Félicio Vassalo,,Cônego,6148,19
28621530,Rua Antônio Pereira Jesus,,Cônego,6148,19
28621540,Rua dos Almeida,,Cônego,6148,19
28621550,Rua Apolinario Correa da Silva,,Cônego,6148,19
28621560,Rua Zeca da Silva,,Cônego,6148,19
28621565,Rua Aracy da Silva Carvalho,,Cônego,6148,19
28621570,Rua Itamontes,,Cônego,6148,19
28621580,Rua Joécio José da Silva,,Cônego,6148,19
28621590,Rua Wagner Luiz Menta,,Cascatinha,6148,19
28621595,Rua Juarez Frotte,,Cascatinha,6148,19
28621600,Rua Doutor Alcebíades Pires Teixeira,,Cascatinha,6148,19
28621610,Travessa Victório Fracassio,,Cascatinha,6148,19
28621620,Rua Presidente Juscelino Kubitschek,,Cascatinha,6148,19
28621630,Rua Hélio Salomão da Costa,,Cascatinha,6148,19
28621640,Rua Antônio Domingos Pirazzo,,Cascatinha,6148,19
28621650,Estrada Ayrton Senna da Silva,,Cascatinha,6148,19
28621660,Rua Francisco Antônio Sobrinho,,Cascatinha,6148,19
28621665,Travessa Natalina,,Cascatinha,6148,19
28621670,Rua Wenceslau Braz,,Cônego,6148,19
28621675,Rua Leontina Rentes da Silveira,,Cônego,6148,19
28621680,Praça Santana,,Cônego,6148,19
28621690,Rua Fribourg,,Cascatinha,6148,19
28621692,Rua Sansales,,Cascatinha,6148,19
28621694,Rua Chatonnaye,,Cascatinha,6148,19
28621695,Rua Germano Sinval Faria,,Cascatinha,6148,19
28621696,Rua Grandvillard,,Cascatinha,6148,19
28621698,Rua La Joux,,Cascatinha,6148,19
28621700,Rua Charmey,,Cascatinha,6148,19
28621702,Rua Albeuve,,Cascatinha,6148,19
28623000,Avenida Conselheiro Julius Arp,,Centro,6148,19
28623005,Rua Goiás,,Bela Vista,6148,19
28623010,Rua Nilo Peçanha,,Centro,6148,19
28623020,Rua Tiradentes,,Centro,6148,19
28623030,Rua Mato Grosso,,Bela Vista,6148,19
28623040,Rua Renato Mendes Machado,,Parque São Clemente,6148,19
28623050,Praça Rotary,,Olaria,6148,19
28623060,Avenida Barão de Nova Friburgo,,Olaria,6148,19
28623070,Rua Gaspar Meyer,,Bela Vista,6148,19
28623080,Travessa Nivaldo Luiz Fernandes,,Olaria,6148,19
28623090,Rua Pará,,Bela Vista,6148,19
28623100,Rua Bernardo Pacheco,,Bela Vista,6148,19
28623120,Rua Pernambuco,,Bela Vista,6148,19
28623130,Travessa Pernambuco,,Bela Vista,6148,19
28623140,Praça Rio de Janeiro,,Bela Vista,6148,19
28623150,Rua Amazonas,,Bela Vista,6148,19
28623160,Rua Paraíba,,Bela Vista,6148,19
28623170,Rua Manoel de Souza Vieira,,Bela Vista,6148,19
28623180,Praça Washington Luís,,Bela Vista,6148,19
28623190,Rua Paraná,,Bela Vista,6148,19
28623198,Rua Motroni Ugo,,Bela Vista,6148,19
28623200,Rua São Paulo,,Bela Vista,6148,19
28623220,Praça Rio Grande do Sul,,Olaria,6148,19
28623230,Vila Dezenove de Março,,Olaria,6148,19
28623240,Rua Campo Mourão,,Olaria,6148,19
28623250,Rua Ceará,,Bela Vista,6148,19
28623260,Rua Bahia,,Olaria,6148,19
28623270,Rua Minas Gerais,,Bela Vista,6148,19
28623280,Rua Sergipe,,Bela Vista,6148,19
28623290,Rua Alagoas,,Bela Vista,6148,19
28623300,Travessa Levy da Silva Mello,,Olaria,6148,19
28623310,Rua Piauí,,Bela Vista,6148,19
28623320,Travessa Rio Grande do Norte,,Olaria,6148,19
28623330,Rua José Andrade Batista Júnior,,Olaria,6148,19
28623340,Rua Acre,,Olaria,6148,19
28623350,Rua Santa Catarina,,Olaria,6148,19
28623355,Rua Quinze de Novembro,,Olaria,6148,19
28623360,Rua Espírito Santo,,Olaria,6148,19
28623370,Rua São Roque,,Olaria,6148,19
28623380,Travessa São Roque,,Olaria,6148,19
28623390,Rua Prefeito Gustavo Líra,,Olaria,6148,19
28623400,Rua Vicente Sobrinho,,Olaria,6148,19
28623410,Rua Presidente Vargas,,Olaria,6148,19
28623420,Rua Luiz Berbet,,Olaria,6148,19
28623430,Rua Elisa Fernandes,,Olaria,6148,19
28623440,Rua Manoel Lourenço Sobrinho,,Olaria,6148,19
28623450,Rua Vereador Henrique Heringer,,Olaria,6148,19
28623460,Rua Presidente Raul Veiga,,Olaria,6148,19
28623465,Rua Manoel Itariano Ferreira Rodrigues,,Olaria,6148,19
28623470,Travessa Raul Veiga,,Olaria,6148,19
28623480,Rua Presidente Sodré,,Olaria,6148,19
28623490,Rua Irmãos Carpenter,,Olaria,6148,19
28623500,Rua Presidente Manoel Duarte,,Olaria,6148,19
28623505,Rua Manlio de Araújo Silva,,Olaria,6148,19
28623510,Travessa Manoel Duarte,,Olaria,6148,19
28623520,Rua Barreto de Andrade,,Olaria,6148,19
28623530,Rua Doutor Bravo,,Olaria,6148,19
28623540,Rua Eloy Fonseca Coelho,,Olaria,6148,19
28623550,Rua Jaime Higgins,,Olaria,6148,19
28623560,Rua Santana,,Olaria,6148,19
28623580,Rua Giusepe Verdi,,Olaria,6148,19
28623590,Rua Felisberto Faustino Júnior,,Olaria,6148,19
28623600,Rua José Martins Santos,,Olaria,6148,19
28623610,Rua Olavo Fonseca,,Olaria,6148,19
28623620,Rua Odenir Pinheiro,,Loteamento Nosso Sonho,6148,19
28623630,Rua Joaquim Sydney Soares,,Loteamento Nosso Sonho,6148,19
28623640,Rua José Raminelli,,Loteamento Nosso Sonho,6148,19
28623650,Rua Américo Ventura Filho,,Loteamento Nosso Sonho,6148,19
28623660,Rua Henrique Sampaio Leal,,Loteamento Nosso Sonho,6148,19
28623670,Rua Joaquim Moreira Pinto,,Loteamento Nosso Sonho,6148,19
28623680,Rua Araguaia,,Olaria,6148,19
28623685,Rua Jacinto Joaquim Pereira,,Olaria,6148,19
28623690,Rua Juruá,,Olaria,6148,19
28623700,Rua Tocantins,,Olaria,6148,19
28623710,Rua Ireno Rosa,,Olaria,6148,19
28623720,Rua Antônio Correia Moreira,,Olaria,6148,19
28623730,Rua François Butty,,Olaria,6148,19
28623740,Rua Hans Walter Thieler,,Olaria,6148,19
28623750,Rua São João de Meriti,,Olaria,6148,19
28623760,Rua Tupi,,Olaria,6148,19
28623770,Rua Joaquim Antunes,,Olaria,6148,19
28623780,Rua Folly,,Olaria,6148,19
28623790,Travessa Folly,,Olaria,6148,19
28625000,Avenida Comte Bittencourt,,Centro,6148,19
28625010,Avenida Doutor Galdino do Valle Filho,,Centro,6148,19
28625020,Rua Doutor Euclydes Solon de Pontes,,Centro,6148,19
28625030,Rua Francisco Mielli,,Centro,6148,19
28625040,Rua Doutor Júlio Zamith,,Centro,6148,19
28625050,Rua Américo Zamith,,Centro,6148,19
28625060,Rua Olavo Bilac,,Centro,6148,19
28625070,Vila Paula Castro,,Centro,6148,19
28625080,Rua Padre Roberto Sabóia de Medeiros,,Centro,6148,19
28625090,Praça Marcílio Dias,,Centro,6148,19
28625100,Rua Ana Barroso,,Centro,6148,19
28625110,Vila Castro Nunes,,Centro,6148,19
28625115,Rua Mathilde Carpenter Meyer,,Centro,6148,19
28625116,Rua Pastor Meyer,,Centro,6148,19
28625120,Rua Trajano de Almeida,,Centro,6148,19
28625130,Alameda Eduardo Guinle,,Centro,6148,19
28625140,Rua José Tessarollo Santos,,Centro,6148,19
28625145,Vila São Jerônimo,,Centro,6148,19
28625150,Travessa Costa,,Centro,6148,19
28625160,Travessa Oscar Machado,,Centro,6148,19
28625170,Rua Luiza Carpenter,,Centro,6148,19
28625180,Rua Jardel Hottz,,Parque São Clemente,6148,19
28625190,Alameda Marquês de Maricá,,Parque São Clemente,6148,19
28625200,Alameda Visconde de Inhaúma,,Parque São Clemente,6148,19
28625210,Alameda Visconde de Taunay,,Parque São Clemente,6148,19
28625220,Alameda Visconde de Ouro Preto,,Parque São Clemente,6148,19
28625230,Alameda Barão de Cerro Largo,,Parque São Clemente,6148,19
28625235,Rua Maria Duque Estrada Laginestra,,Parque São Clemente,6148,19
28625240,Rua Milton Andrade,,Parque São Clemente,6148,19
28625250,Alameda Conde D'Eu,,Parque São Clemente,6148,19
28625255,Rua José Luiz Pereira,,Parque São Clemente,6148,19
28625260,Alameda Marquês de Barbacena,,Parque São Clemente,6148,19
28625270,Rua Visconde de Abaeté,,Parque São Clemente,6148,19
28625280,Alameda Regente Feijó,,Parque São Clemente,6148,19
28625290,Rua Domingos Miranda,,Vale dos Pinheiros,6148,19
28625300,Rua Raul Quaresma de Moura,,Vale dos Pinheiros,6148,19
28625310,Rua Aurélio Pollo,,Parque São Clemente,6148,19
28625320,Alameda Guanabara,,Vale dos Pinheiros,6148,19
28625335,Alameda Princesa Isabel,,Parque São Clemente,6148,19
28625340,Rua Pasteur,,Vale dos Pinheiros,6148,19
28625350,Rua Maria José de Andrade Vieira,,Vale dos Pinheiros,6148,19
28625360,Rua Garibaldi,,Vale dos Pinheiros,6148,19
28625365,Rua Equador,,Vale dos Pinheiros,6148,19
28625370,Rua Thomas Edson,,Vale dos Pinheiros,6148,19
28625375,Rua Silvio Alberto Spinelli,,Vale dos Pinheiros,6148,19
28625380,Rua Maria José Dutra de Castro,,Vale dos Pinheiros,6148,19
28625382,Rua Waldemar Chagas do Nascimento,,Vale dos Pinheiros,6148,19
28625385,Rua Argentina,,Vale dos Pinheiros,6148,19
28625390,Rua Eça de Queiroz,,Vale dos Pinheiros,6148,19
28625400,Rua Pedro Álvares Cabral,,Vale dos Pinheiros,6148,19
28625410,Rua Franklin Roosevelt,,Aprazível,6148,19
28625420,Rua José da Rosa Ramos,,Lagoinha,6148,19
28625430,Rua Sebastião Antônio Teixeira,,Lagoinha,6148,19
28625435,Rua Hormindo Silva,,Lagoinha,6148,19
28625440,Rua Eudóxio Cordeiro Duarte,,Lagoinha,6148,19
28625460,Rua Arnaldo Bittencourt,,Centro,6148,19
28625470,Rua Padre Madureira,,Centro,6148,19
28625480,Rua Salusse,,Centro,6148,19
28625485,Rua Zélia dos Santos,,Centro,6148,19
28625490,Praça do Suspiro,,Centro,6148,19
28625500,Rua Ministro Plínio Casado,,Centro,6148,19
28625510,Vila Baruck,,Centro,6148,19
28625515,Travessa Salustiano da Silva,,Centro,6148,19
28625520,Rua Souza Cardoso,,Centro,6148,19
28625530,Rua Teresópolis,,Vila Amélia,6148,19
28625535,Rua Adelino Pereira Valente,,Vila Amélia,6148,19
28625540,Rua Recanto Geraldo Pinheiro,,Centro,6148,19
28625544,Rua Adelino Ferreira,,Centro,6148,19
28625546,Rua Cenor Calderaro,,Centro,6148,19
28625548,Travessa José Lopes Filho,,Centro,6148,19
28625550,Rua Bom Lugar,,Centro,6148,19
28625560,Rua Bom-bocado,,Lagoinha,6148,19
28625570,Rua Bonfim,,Vila Amélia,6148,19
28625580,Rua Bonsucesso,,Lagoinha,6148,19
28625590,Travessa Bonsucesso I,,Lagoinha,6148,19
28625600,Travessa Bonsucesso II,,Lagoinha,6148,19
28625605,Rua Francisco Figueiredo,,Vila Amélia,6148,19
28625607,Rua Francisco de Castro Nunes Júnior,,Vila Amélia,6148,19
28625610,Rua Eugênio Montechiari,,Vila Amélia,6148,19
28625615,Rua Humberto el Jaick,,Vila Amélia,6148,19
28625620,Rua Manoel Antônio Ventura,,Centro,6148,19
28625630,Rua General Osório,,Centro,6148,19
28625645,Rua Alexandre Korotynsky,,Centro,6148,19
28625650,Rua Doutor Sílvio Henrique Braune,,Centro,6148,19
28625655,Rua Lourdes Rangel Ventura,,Centro,6148,19
28625660,Rua Macaé,,Centro,6148,19
28625670,Travessa Braga,,Centro,6148,19
28625680,Rua José Antônio Alves,,Centro,6148,19
28625695,Travessa Correa,,Centro,6148,19
28625700,Vila Américo Alves,,Centro,6148,19
28625710,Rua Lucília Tavares,,Centro,6148,19
28625720,Rua Santo Inácio,,Centro,6148,19
28625730,Rua Marechal Deodoro da Fonseca,,Centro,6148,19
28625740,Rua Santa Teresinha,,Centro,6148,19
28625750,Travessa Thelio de Morais,,Centro,6148,19
28625760,Travessa Rômulo Barreto,,Centro,6148,19
28625770,Rua Juvenal Ribeiro Cereja,,Centro,6148,19
28625780,Rua Valter Gripp,,Centro,6148,19
28625790,Travessa Constantino Ribeiro,,Centro,6148,19
28625800,Rua Carlos Baltazar da Silveira,,Centro,6148,19
28625805,Rua Sabina Abreu Aguilera,,Granja Spinelli,6148,19
28625810,Rua Lindolpho Godinho,,Granja Spinelli,6148,19
28625815,Rua João Curty,,Granja Spinelli,6148,19
28625820,Rua Alzemir Fernandes Coelho,,Granja Spinelli,6148,19
28625825,Rua Eugênio Silvestre Moreira,,Granja Spinelli,6148,19
28625830,Rua Maurílio Mendes da Silva,,Granja Spinelli,6148,19
28625835,Rua Noemi Cardoso da Conceição,,Granja Spinelli,6148,19
28625840,Rua Manoel Frossard,,Granja Spinelli,6148,19
28626030,Rua Felipe Marchon,,Lumiar,6148,19
28630000,Avenida Presidente Costa e Silva,,Centro,6148,19
28630010,Rua Prudente de Morais,,Vila Nova,6148,19
28630020,Travessa Padre Rafael Galante,,Centro,6148,19
28630030,Rua Ortigão,,Centro,6148,19
28630050,Rua Alberto Rangel,,Vila Nova,6148,19
28630060,Rua Gabriel Rastreli,,Vila Nova,6148,19
28630065,Rua Baduy,,Vila Nova,6148,19
28630080,Rua Margarida Teixeira de Morais,,Duas Pedras,6148,19
28630085,Rua Benjamin Constant,,Duas Pedras,6148,19
28630090,Rua Abdo Abiramia,,Duas Pedras,6148,19
28630110,Rua Doutor Hélio Veiga,,Duas Pedras,6148,19
28630120,Rua João Belorio,,Duas Pedras,6148,19
28630130,Rua Deolinda Silva,,Duas Pedras,6148,19
28630140,Rua São Pedro,,Duas Pedras,6148,19
28630150,Rua Padre Vicente Próspero,,Duas Pedras,6148,19
28630160,Rua Avelino Alves de Faria,,Duas Pedras,6148,19
28630170,Rua Alexandre Risso,,Duas Pedras,6148,19
28630180,Praça Tuffy El-Jaick,,Duas Pedras,6148,19
28630190,Praça Presidente Castelo Branco,,Duas Pedras,6148,19
28630195,Rua Ernesto Saippa Sobrinho,,Duas Pedras,6148,19
28630200,Vila Ernesto Sobrinho,,Duas Pedras,6148,19
28630205,Rua Deolinda Carolina Combat,,Duas Pedras,6148,19
28630220,Rua Herculano Gomes da Silva,,Córrego D'Antas,6148,19
28630230,Rua Urbano Bachini,,Córrego D'Antas,6148,19
28630235,Rua Mário Pinto,,Córrego D'Antas,6148,19
28630240,Rua Vazante,,Córrego D'Antas,6148,19
28630243,Rua Laurinda Schottz,,Córrego D'Antas,6148,19
28630245,Rua Eugênia Schottz,,Córrego D'Antas,6148,19
28630250,Rodovia RJ-130,"- até Km 37,000",Centro,6148,19
28630260,Rua Luiz Schottz,,Córrego D'Antas,6148,19
28630270,Travessa Júlio Schottz,,Córrego D'Antas,6148,19
28630274,Rua José Pedro Poletti,,Córrego D'Antas,6148,19
28630275,Travessa Amazonas,,Córrego D'Antas,6148,19
28630276,Rua Cherubina Rocha Poletti,,Córrego D'Antas,6148,19
28630278,Rua José Alves Teixeira,,Córrego D'Antas,6148,19
28630280,Rua Alexandre Bachini,,Córrego D'Antas,6148,19
28630282,Rua Sônia Garcia Faria,,Córrego D'Antas,6148,19
28630284,Travessa Gramado,,Córrego D'Antas,6148,19
28630285,Rua Antenor Francisco Brantes,,Córrego D'Antas,6148,19
28630287,Rua Sônia Garcia de Faria,,Córrego D'Antas,6148,19
28630289,Rua Zulmira Berçot da Costa,,Córrego D'Antas,6148,19
28630290,Rua Fernandes João Luiz,,Córrego D'Antas,6148,19
28630300,Rua Érico Hees,,Córrego D'Antas,6148,19
28630304,Rua Jacob Marreto,,Córrego D'Antas,6148,19
28630306,Rua Tereza Bauer,,Córrego D'Antas,6148,19
28630307,Rua Cataguazes,,Córrego D'Antas,6148,19
28630308,Estrada Luiz Carlos Veroneze,,Córrego D'Antas,6148,19
28630310,Avenida Antônio Mário de Azevedo,,Córrego D'Antas,6148,19
28630313,Travessa Oriente,,Córrego D'Antas,6148,19
28630315,Rua Nahir Roza Condack de Azevedo,,Conselheiro Paulino,6148,19
28630320,Rua Jandira Perlingeiro,,Conselheiro Paulino,6148,19
28630323,Rua Deolinda Mendes,,Conselheiro Paulino,6148,19
28630325,Rua Cruzeiro do Sul,,Córrego D'Antas,6148,19
28630330,Rua Feliciano Benedito da Costa,,São Geraldo,6148,19
28630340,Rua Britânia,,Parque Residencial Solares,6148,19
28630342,Rua Renato Arnaldo Silveira Lopes,,Parque Residencial Solares,6148,19
28630344,Rua Aristides José Pereira,,Parque Residencial Solares,6148,19
28630350,Rua Norberto Alves da Rocha,,Parque Residencial Solares,6148,19
28630360,Rua Vereador Amadeu Villa,,Parque Residencial Solares,6148,19
28630362,Rua Hélio Leite Brandão,,Parque Residencial Solares,6148,19
28630364,Servidão Rio Indaiá,,Parque Residencial Solares,6148,19
28630366,Servidão Rio Bragança,,Parque Residencial Solares,6148,19
28630368,Servidão Rio Carijó,,Parque Residencial Solares,6148,19
28630370,Rua Balmant,,Parque Residencial Solares,6148,19
28630380,Estrada Rio Turvo,,Parque Residencial Solares,6148,19
28630385,Rua Queluz,,São Geraldo,6148,19
28630386,Rua Parnaíba,,São Geraldo,6148,19
28630387,Rua Geraldo Flauzinio de Oliveira,,São Geraldo,6148,19
28630388,Rua Combat,,São Geraldo,6148,19
28630389,Rua Rio Piloto,,São Geraldo,6148,19
28630391,Rua Estandarte,,São Geraldo,6148,19
28630392,Rua Reginaldo Miranda,,São Geraldo,6148,19
28630393,Rua Luzitânia,,São Geraldo,6148,19
28630394,Rua Ricardo dos Santos,,São Geraldo,6148,19
28630410,Rua Balsas,,São Geraldo,6148,19
28630420,Rua Aracaju,,São Geraldo,6148,19
28630425,Beco Vila Fátima,,São Geraldo,6148,19
28630427,Rua Hilton Guindani,,São Geraldo,6148,19
28630428,Rua Alexandre Mota,,São Geraldo,6148,19
28630430,Rua das Pedrinhas,,São Geraldo,6148,19
28630432,Rua Carmópolis,,São Geraldo,6148,19
28630434,Rua Joaquim Augusto dos Reis,,São Geraldo,6148,19
28630435,Rua Salvador Heggendorn,,São Geraldo,6148,19
28630437,Rua Manoel Augusto dos Reis,,São Geraldo,6148,19
28630438,Rua Levy José Torres,,São Geraldo,6148,19
28630439,Rua Sathilde Coelho Gomes,,São Geraldo,6148,19
28630440,Travessa Riachuelo,,São Geraldo,6148,19
28630443,Rua Crésio Coelho Caetano,,São Geraldo,6148,19
28630444,Rua Professor Izaías Scarini Marreto,,São Geraldo,6148,19
28630445,Rua Novo Mundo,,São Geraldo,6148,19
28630446,Rua Vera Cruz,,São Geraldo,6148,19
28630447,Rua José Gonçalves Jardim,,São Geraldo,6148,19
28630448,Rua José Cupertino Nogueira,,São Geraldo,6148,19
28630449,Rua Pastor Onofre da Silva Rosa,,São Geraldo,6148,19
28630450,Rua Hermógenes Alvarez,,São Geraldo,6148,19
28630455,Rua Antônio Augusto dos Reis Jr,(Lot Parque Siriemas),São Geraldo,6148,19
28630460,Rua do Anil,,São Geraldo,6148,19
28630465,Rua João Francisco Brantes,,São Geraldo,6148,19
28630467,Rua Maria Izabel Brantes,,São Geraldo,6148,19
28630470,Travessa Magno,,São Geraldo,6148,19
28630475,Rua Adair Teixeira Nogueira,,São Geraldo,6148,19
28630480,Rua Antônio Joaquim Gonçalves,,São Geraldo,6148,19
28630482,Rua José Vieira Mota,,São Geraldo,6148,19
28630483,Rua Joel Alves da Costa,,São Geraldo,6148,19
28630484,Rua Manoel Ribeiro Serafim,,São Geraldo,6148,19
28630485,Rua Alberto Martyres Asth,,São Geraldo,6148,19
28630486,Rua Adelaide de Jesus Reis,,São Geraldo,6148,19
28630487,Rua Carlos Condack,,São Geraldo,6148,19
28630489,Rua Novo Jardim,,São Geraldo,6148,19
28630490,Rua Lapela,,São Geraldo,6148,19
28630492,Rua Emília de Jesus dos Santos,,São Geraldo,6148,19
28630493,Rua Valdir Reis Gonçalves,,São Geraldo,6148,19
28630494,Rua Padre Cosme,,São Geraldo,6148,19
28630495,Rua Nelson Valente,,São Geraldo,6148,19
28630496,Rua José Alves da Costa,,São Geraldo,6148,19
28630497,Rua Farmacêutico Saturnino Pereira,,São Geraldo,6148,19
28630498,Travessa Artur Lima,,São Geraldo,6148,19
28630499,Travessa Lima,,São Geraldo,6148,19
28630500,Estrada de Santana,,Campo do Coelho,6148,19
28630510,Rua Américo João da Silveira,,Campo do Coelho,6148,19
28630515,Rua Lindolpho da Silva Pinto,,Campo do Coelho,6148,19
28630520,Rua Campanha,,Campo do Coelho,6148,19
28630525,Rua Herondino José da Rosa,,Campo do Coelho,6148,19
28630530,Rua Marília,,Campo do Coelho,6148,19
28630535,Rua Duas Barras,,Campo do Coelho,6148,19
28630550,Rua Antônio Pinto Sobrinho,,Campo do Coelho,6148,19
28630560,Vila Antônio de Sá Martins,,Campo do Coelho,6148,19
28630570,Travessa Antônio Libonato,,Duas Pedras,6148,19
28630580,Rua Rosa Emília do Canto,,São Geraldo,6148,19
28630585,Rua Doralice Merecci,,Campo do Coelho,6148,19
28630590,Avenida Antônio Mário de Azevedo,,Campo do Coelho,6148,19
28630593,Rua Eugênio do Rego Cabral,,Campo do Coelho,6148,19
28630595,Rua Jones Mendes Muniz,,Campo do Coelho,6148,19
28630597,Rua Eduardo José Corga,,Campo do Coelho,6148,19
28630600,Rua Waldir Niedo,,Campo do Coelho,6148,19
28630605,Rua Luis Eugênio Montechiari,,Campo do Coelho,6148,19
28630610,Rua Adolfo Júlio Bom,,Campo do Coelho,6148,19
28630620,Rua Herondino Silveira da Rosa,,Campo do Coelho,6148,19
28630625,Rua José Wandir Condack,,Campo do Coelho,6148,19
28630630,Rua José Cesar Teixeira,,Campo do Coelho,6148,19
28630635,Rua Norival Santos Calixto,,Campo do Coelho,6148,19
28630640,Travessa Oliveira,,Campo do Coelho,6148,19
28630645,Alameda dos Rodrigues,,Campo do Coelho,6148,19
28630971,Avenida Antônio Mário de Azevedo 13156,,Campo do Coelho,6148,19
28630990,"Avenida Antônio Mário de Azevedo, 18800",,,6148,19
28630991,"Estrada de São Lourenço, Km 19 - s/n",,,6148,19
28630993,"Avenida Antônio de Sá Martins, s/nº",,,6148,19
28630994,"Estrada Ernesto de Souza Cardinot, S/N",,,6148,19
28633000,Rua Benjamin Constant,,Jardim Ouro Preto,6148,19
28633005,Travessa João Teixeira,,Conselheiro Paulino,6148,19
28633010,Avenida dos Ferroviários,,Duas Pedras,6148,19
28633015,Rua Francisco Maria Leite,,Duas Pedras,6148,19
28633020,Alameda Adolfo Iaggi,,Jardim Ouro Preto,6148,19
28633030,Rua Augusto de Souza Freitas,,Jardim Ouro Preto,6148,19
28633040,Rua João Cruzal Amorim,,Jardim Ouro Preto,6148,19
28633050,Rua José Amorim,,Jardim Ouro Preto,6148,19
28633060,Rua Maria da Silva Amorim,,Jardim Ouro Preto,6148,19
28633066,Rua Amélia de Moraes,,Jardim Ouro Preto,6148,19
28633067,Rua Diogo Francisco Combat,,Jardim Ouro Preto,6148,19
28633068,Rua Hélio de Albuquerque Lima Júnior,,Jardim Ouro Preto,6148,19
28633070,Rua Altamiro Martins Ouriques,,Jardim Ouro Preto,6148,19
28633073,Rua David Marques dos Santos,,Jardim Ouro Preto,6148,19
28633080,Rua Santa Martha,,Jardim Ouro Preto,6148,19
28633090,Rua Epitácio Pessoa,,Conselheiro Paulino,6148,19
28633100,Rua Antônio Malheiros,,Jardim Ouro Preto,6148,19
28633110,Rua Gonçalo Ribeiro,,Conselheiro Paulino,6148,19
28633120,Rua Amaro Pinto Vasconcelos,,Jardim Ouro Preto,6148,19
28633130,Rua João de Souza,,Jardim Ouro Preto,6148,19
28633140,Rua Londrina,,Loteamento São José,6148,19
28633150,Rua Manoel Afonso Maduro,,Loteamento São José,6148,19
28633160,Rua Jorge de Carvalho,,Loteamento São José,6148,19
28633170,Rua Maringá,,Loteamento São José,6148,19
28633180,Alameda Salomão Salles,,Jardim Ouro Preto,6148,19
28633190,Rua Rosalina Ferreira da Costa,,Jardim Ouro Preto,6148,19
28633195,Rua Imaculada Conceição,,Jardim Ouro Preto,6148,19
28633200,Rua Almeida,,Jardim Ouro Preto,6148,19
28633210,Rua Casemiro Graça,,Prado,6148,19
28633220,Rua Lamartine Babo,,Conselheiro Paulino,6148,19
28633230,Rua São Joaquim,,Conselheiro Paulino,6148,19
28633233,Rua José Affonso Queiroz,,Jardim Ouro Preto,6148,19
28633235,Travessa São Joaquim,,Prado,6148,19
28633240,Rua Francisca Primo Queiroz,,Jardinlândia,6148,19
28633250,Rua Érico Veríssimo,,Jardinlândia,6148,19
28633255,Rua Jorge Martins,,Jardinlândia,6148,19
28633260,Rua Graciliano Ramos,,Jardinlândia,6148,19
28633270,Rua Guimarães Rosa,,Jardinlândia,6148,19
28633275,Rua Benjamin Constant,,Jardinlândia,6148,19
28633280,Rua Vinícius de Morais,,Jardinlândia,6148,19
28633290,Rua Cecília Meireles,,Jardinlândia,6148,19
28633310,Rua João Rodrigues Pinto,,Prado,6148,19
28633313,Rua Francisco José Martins,,Prado,6148,19
28633320,Rua Ogmar Aguilera Campos,,Prado,6148,19
28633325,Rua Francisco Mastrângelo,,Conselheiro Paulino,6148,19
28633327,Rua Brasiliana da Rocha Teixeira,,Conselheiro Paulino,6148,19
28633329,Rua Adelaide de Souza Santos,,Conselheiro Paulino,6148,19
28633330,Rua Mirassol,,Conselheiro Paulino,6148,19
28633335,Rua Waldemar Belém Porciano,,Prado,6148,19
28633340,Rua José Álvares Gomes,,Prado,6148,19
28633350,Rua Antônio Sobrinho,,Prado,6148,19
28633360,Rua Thurler,,Conselheiro Paulino,6148,19
28633370,Rua Clarindo da Rosa Teixeira,,Conselheiro Paulino,6148,19
28633380,Rua Mathilde de Queiroz da Silva,,Conselheiro Paulino,6148,19
28633385,Rua Roberto Pinheiro,,Jardim Califórnia,6148,19
28633390,Rua Lafayette Bravo Filho,,Conselheiro Paulino,6148,19
28633400,Rua Albertino Quadro Gama,,Conselheiro Paulino,6148,19
28633410,Rua Augusto Gomes,,Conselheiro Paulino,6148,19
28633412,Rua Domingos Ferreira Gomes,,Conselheiro Paulino,6148,19
28633415,Rua Avelino da Rosa Pinheiro,,Conselheiro Paulino,6148,19
28633420,Rua Manoel Ribeiro,,Conselheiro Paulino,6148,19
28633425,Rua Maria Voltara Ceccon,,Conselheiro Paulino,6148,19
28633440,Rua Teófilo Otoni,,Conselheiro Paulino,6148,19
28633450,Rua Rosa Ribeiro,,Conselheiro Paulino,6148,19
28633453,Rua Clementina Sobrinho Pinheiro,,Conselheiro Paulino,6148,19
28633455,Rua Estrella Dominguez Gonzalez,,Conselheiro Paulino,6148,19
28633460,Rua José Pacheco do Almo Filho,,Conselheiro Paulino,6148,19
28633470,Rua Natividade Cândida da Silva,,Conselheiro Paulino,6148,19
28633480,Rua Inácio Sobrinho,,Conselheiro Paulino,6148,19
28633490,Praça Lafayette Bravo,,Conselheiro Paulino,6148,19
28633500,Rua José de Queiroz,,Conselheiro Paulino,6148,19
28633510,Rua Coronel João Teixeira,,Conselheiro Paulino,6148,19
28633515,Travessa Coronel João Teixeira,,Conselheiro Paulino,6148,19
28633520,Avenida Maestro Joaquim Naegele,,Conselheiro Paulino,6148,19
28633530,Rua Oswaldo Baltazar,,Conselheiro Paulino,6148,19
28633540,Rua Sebastião Pereira da Silva,,Conselheiro Paulino,6148,19
28633550,Estrada Leopoldina Pinel Garcia,,Conselheiro Paulino,6148,19
28633560,Rua Antônio Machado,,Conselheiro Paulino,6148,19
28633570,Travessa Antônio Machado,,Conselheiro Paulino,6148,19
28633580,Rua José Marchet,,Conselheiro Paulino,6148,19
28633595,Rua Waldir Gratival,,Conselheiro Paulino,6148,19
28633600,Rua João Siqueira,,Conselheiro Paulino,6148,19
28633602,Rua João José Rocha,,Conselheiro Paulino,6148,19
28633603,Rua Lidiane da Silva Corguinha,,Conselheiro Paulino,6148,19
28633604,Rua Francisco Silveira,,Conselheiro Paulino,6148,19
28633605,Rua Carlos Frederico Ribeiro,,Conselheiro Paulino,6148,19
28633606,Rua Dulce Feteira Silveira,,Conselheiro Paulino,6148,19
28633607,Rua Padre Ângelo Pelloso,,Conselheiro Paulino,6148,19
28633608,Rua Nahir Gonçalves Corrêa Daudt,,Conselheiro Paulino,6148,19
28633610,Rua Cordajas,,Conselheiro Paulino,6148,19
28633615,Rua Joaquim Pereira Bispo,,Conselheiro Paulino,6148,19
28633620,Rua Evangelista Manoel da Silva,,Conselheiro Paulino,6148,19
28633623,Rua Professor Edmond Teixeira Simão,,Conselheiro Paulino,6148,19
28633625,Rua Waldemar Dias de Moraes,,Conselheiro Paulino,6148,19
28633630,Rua Las Vegas,,Conselheiro Paulino,6148,19
28633634,Rua Jean Joseph Cosandey,,Conselheiro Paulino,6148,19
28633635,Rua Texas,,Conselheiro Paulino,6148,19
28633640,Rua José Veloso,,Jardim Califórnia,6148,19
28633650,Rua Luiza Thuller Gomes,,Jardim Califórnia,6148,19
28633660,Rua Domingos de Souza Pinel,,Jardim Califórnia,6148,19
28633665,Rua Eugenie Pegaitaz,,Jardim Califórnia,6148,19
28633670,Rua Dirson Barros,,Jardim Califórnia,6148,19
28633680,Rua Olímpio José Louredo,,Jardim Califórnia,6148,19
28633690,Rua Glória Matos Pinheiro,,Jardim Califórnia,6148,19
28633700,Rua José da Rosa Pinheiro,,Jardim Califórnia,6148,19
28633710,Rua Iracy Zebendo Pinto,,Jardim Califórnia,6148,19
28633730,Rua Alcindo Alves dos Reis,,Jardim Califórnia,6148,19
28633735,Rua Edval Ribeiro,,Jardim Califórnia,6148,19
28633740,Rua Atalício Schautz,,Jardim Califórnia,6148,19
28633750,Rua Antônio Suad,,Jardim Califórnia,6148,19
28633760,Rua Bráulio Rezende,,Jardim Califórnia,6148,19
28633766,Rua Rosa Faria,,Jardim Califórnia,6148,19
28633768,Rua Níveo Badini Thomás,,Jardim Califórnia,6148,19
28633770,Rua Elmo Sancho,,Jardim Califórnia,6148,19
28633772,Rua Doralice Valadares,,Jardim Califórnia,6148,19
28633774,Rua João Carlos Sanches,,Jardim Califórnia,6148,19
28633775,Rua Bento Faria,,Jardim Califórnia,6148,19
28633776,Rua Arizona,,Jardim Califórnia,6148,19
28633778,Rua Francisca Rosa Faria,,Jardim Califórnia,6148,19
28633780,Rua Júlio Alves de Amorim,,Jardim Califórnia,6148,19
28633783,Rua Emair Elyseu da Rosa Pinheiro,,Jardim Califórnia,6148,19
28633785,Rua Erci Guimarães Souza,,Jardim Califórnia,6148,19
28633788,Travessa Joaquim Mendonça Pinheiro,,Conselheiro Paulino,6148,19
28633789,Rua Arindo da Rosa Pinheiro,,Conselheiro Paulino,6148,19
28633790,Rua Joaquim da Rosa Pinheiro,,Conselheiro Paulino,6148,19
28633791,Rua Jandira Belisário Perlingeiro,,Duas Pedras,6148,19
28633793,Rua Pesqueira,,Jardim Califórnia,6148,19
28633795,Rua Argelim,,Jardim Califórnia,6148,19
28633796,Travessa Amorim,,Jardim Califórnia,6148,19
28633797,Rua Adelaide de Souza Santos,,Duas Pedras,6148,19
28633799,Travessa Arino da Ros Pinheiro,,Jardim Califórnia,6148,19
28633800,Rua Humbelina Silva Maduro,,Jardim Califórnia,6148,19
28633970,Rua José de Queiroz 65 Loja D,,Conselheiro Paulino,6148,19
28634000,Rua Manoel Elías Perroud,,Loteamento Floresta,6148,19
28634020,Rua João Moura,,Loteamento Santa Teresinha,6148,19
28634030,Rua Nair Queiroz Tablas,,Conselheiro Paulino,6148,19
28634040,Rua João José de Cerqueira,,Loteamento Santa Teresinha,6148,19
28634050,Rua Manicari,,Conselheiro Paulino,6148,19
28634060,Rua Aureliano Barbosa Faria,,Conselheiro Paulino,6148,19
28634070,Rua Francisco Luiz Fernandes,,Conselheiro Paulino,6148,19
28634073,Rua Py,,Parque Maria Teresa,6148,19
28634075,Travessa Francisco Luiz Fernandes,,Conselheiro Paulino,6148,19
28634080,Rua Rio Brumado,,Conselheiro Paulino,6148,19
28634090,Rua Camuatama,,Conselheiro Paulino,6148,19
28634100,Rua Rio Caraíba,,Conselheiro Paulino,6148,19
28634110,Rua Luiz Carestiano,,Parque Maria Teresa,6148,19
28634120,Rua Sinésio Rocha,,Parque Maria Teresa,6148,19
28634125,Estrada Antônio Acácio Cardinot,,Parque Maria Teresa,6148,19
28634130,Rua Kinup,,Parque Maria Teresa,6148,19
28634140,Rua Marinus Eduardo de Uries,,Parque Maria Teresa,6148,19
28634150,Rua Professora Guaraciaba Leitão Timóteo,,Parque Maria Teresa,6148,19
28634160,Rua Júlia Gomes de Abreu,,Parque Maria Teresa,6148,19
28634170,Rua Zuleica Ramos Valença,,Parque Maria Teresa,6148,19
28634180,Rua Porciúncula,,Riograndina,6148,19
28634190,Rua Farmacêutico Alberto Vieira,,Parque Maria Teresa,6148,19
28634195,Rua João Vicente Figueira,,Parque Maria Teresa,6148,19
28634200,Rua Virgílio Larginestra,,Parque Maria Teresa,6148,19
28634210,Rua Klen,,Parque Maria Teresa,6148,19
28634220,Rua I,,Parque Maria Teresa,6148,19
28634230,Estrada Conselheiro Paulino-Riograndina,,Conselheiro Paulino,6148,19
28634232,Rua Izabel Poleti Cezar,(Vale das Palmas),Conselheiro Paulino,6148,19
28634234,Rua Rubens de Souza Guerra,(Vale das Palmas),Conselheiro Paulino,6148,19
28634235,Estrada de Rio Grandina,,Conselheiro Paulino,6148,19
28634236,Rua Moacyr Queiroz,(Vale das Palmas),Conselheiro Paulino,6148,19
28634237,Rua Carolina Pacheco do Almo Moura,(Vale das Palmas),Conselheiro Paulino,6148,19
28634239,Rua Vereador Pericles Alves Pereira de Mesquita,(Vale das Palmas),Conselheiro Paulino,6148,19
28634240,Rua Jacira dos Santos Borges,,Riograndina,6148,19
28634242,Rua Cinco de Março,,Conselheiro Paulino,6148,19
28634243,Rua Paulo Orlando,(Vale das Palmas),Conselheiro Paulino,6148,19
28634244,Travessa Manoel Raposo de Medeiros,,Riograndina,6148,19
28634246,Rua Antônio Carlos Videira,,Riograndina,6148,19
28634247,Rua Luzia Orlando,(Vale das Palmas),Conselheiro Paulino,6148,19
28634248,Rua José Honório do Canto,,Riograndina,6148,19
28634250,Rua Francisco Pinto de Abreu,,Riograndina,6148,19
28634252,Rua Manoel Araújo Coutinho,,Riograndina,6148,19
28634254,Rua Vicente Libonato,,Riograndina,6148,19
28634255,Rua Isabel Davel Knust,,Riograndina,6148,19
28634256,Rua Berlim,,Riograndina,6148,19
28634260,Rua Ester Borges de Mesquita,,Riograndina,6148,19
28634265,Rua Esmeraldina de Oliveira Hottz Barrozo,,Riograndina,6148,19
28634270,Ladeira Sebastião Gonçalves de Souza,,Riograndina,6148,19
28634280,Rua Nossa Senhora das Graças,,Riograndina,6148,19
28634290,Rua Clarindo Rodrigues de Freitas,,Riograndina,6148,19
28634300,Rua Manoel Rodrigues de Freitas,,Riograndina,6148,19
28634310,Rua Mathias Pereira Borges,,Riograndina,6148,19
28634320,Rua Flávio Galvão Feiteira,,Riograndina,6148,19
28634330,Rua Hermínia Santos Silva,,Riograndina,6148,19
28634340,Rua Capitão Bento José Veloso,,Riograndina,6148,19
28634342,Rua Vereador Claudio Teixeira,,Riograndina,6148,19
28634344,Rua Quitéria Monteiro,,Riograndina,6148,19
28634350,Rua Manoel Rodrigues Formiga,,Riograndina,6148,19
28634360,Rua João Rodrigues Formiga,,Riograndina,6148,19
28634370,Rua Nossa Senhora da Conceição,,Riograndina,6148,19
28634380,Rua Luiz da Cunha,,Riograndina,6148,19
28634382,Rua Canto do Sabiá,,Riograndina,6148,19
28634390,Rua Henrique Novaes,,Riograndina,6148,19
28634400,Rua Valentim Cantelmo,,Riograndina,6148,19
28634405,Estrada Fazenda Branca,,Riograndina,6148,19
28634410,Rua Francisco Caetano da Silva,,Riograndina,6148,19
28634420,Rua Albertino de Freitas,,Riograndina,6148,19
28634430,Rua José Pereira Feiteira,,Riograndina,6148,19
28634432,Rua Antônio Benázio Neto,,Riograndina,6148,19
28634435,Rua Antônio Faria Filho,,Riograndina,6148,19
28634440,Rua Francisco Fernandes Barradas,,Riograndina,6148,19
28634442,Rua João de Jesus Macedo,,Riograndina,6148,19
28634445,Rua Olair dos Santos,,Riograndina,6148,19
28634450,Rua João Fernandes Barradas,,Riograndina,6148,19
28634455,Rua Armando Alves Teixeira,,Riograndina,6148,19
28634460,Rua Canastra,,Riograndina,6148,19
28634465,Rua Oscar Gonçalves Correia,,Riograndina,6148,19
28634467,Rua Amélia Mesquita Ribeiro,,Riograndina,6148,19
28634470,Rua Canário,,Riograndina,6148,19
28634472,Rua Carlos Roberto Pimentel,,Riograndina,6148,19
28634474,Rua Darcy José Ribeiro,,Riograndina,6148,19
28634475,Rua Américo Fernandes Klein,,Riograndina,6148,19
28634476,Servidão Asa Branca,,Riograndina,6148,19
28634477,Rua Saleh de Sales,,Riograndina,6148,19
28634480,Rua Vitória,,Riograndina,6148,19
28634485,Praça Nossa Senhora do Rosário,,Riograndina,6148,19
28634490,Rua Aquário,,Riograndina,6148,19
28634500,Rua Volta da Ferradura,,Riograndina,6148,19
28634510,Loteamento Nova Esperança,,Riograndina,6148,19
28634520,Loteamento Nova Zelândia,,Riograndina,6148,19
28634530,Rua Joana Rodrigues Adane,,Conselheiro Paulino,6148,19
28634971,"Praça Nossa Senhora do Rosário, s/n",,Riograndina,6148,19
28635000,Avenida Governador Roberto Silveira,,Duas Pedras,6148,19
28635005,Travessa José Onofrio,,Prado,6148,19
28635007,Travessa Sílvia Costa,,Conselheiro Paulino,6148,19
28635010,Avenida Nossa Senhora do Amparo,,Conselheiro Paulino,6148,19
28635020,Rua Antônio Joaquim de Macedo Soares,,Conselheiro Paulino,6148,19
28635035,Rua Pequenina Braga,,Vale do Sol,6148,19
28635040,Rua Mário Bini,,Conselheiro Paulino,6148,19
28635050,Alameda Henrique Coutinho,,Conselheiro Paulino,6148,19
28635060,Rua Doutor Plácido Lópes Martins,,Conselheiro Paulino,6148,19
28635070,Rua Vereador João Agostinho Alves da Costa,,Conselheiro Paulino,6148,19
28635080,Rua Érico Coelho,,Conselheiro Paulino,6148,19
28635090,Rua Oriovaldo Jaccoud,,Conselheiro Paulino,6148,19
28635100,Rua Ventura Spargoli,,Conselheiro Paulino,6148,19
28635110,Rua José Guilherme Herdy,,Prado,6148,19
28635120,Rua Raul Melhado,,Prado,6148,19
28635130,Rua Pacheco do Almo,,Prado,6148,19
28635140,Rua Adriano Afonso,,Prado,6148,19
28635150,Avenida Brasil,,Conselheiro Paulino,6148,19
28635160,Rua Herdy,,Prado,6148,19
28635170,Rua Jair Gonçalves,,Conselheiro Paulino,6148,19
28635180,Rua Rosa Pinheiro,,Conselheiro Paulino,6148,19
28635190,Rua Lucinda da Rocha Azevedo,,Conselheiro Paulino,6148,19
28635200,Rua Garcia de Queiroz,,Conselheiro Paulino,6148,19
28635210,Rua Concórdia,,Conselheiro Paulino,6148,19
28635220,Rua Cardinot,,Conselheiro Paulino,6148,19
28635230,Rua Ismeria de Carvalho Pires de Morais,,Conselheiro Paulino,6148,19
28635240,Rua Santo André,,Santo André,6148,19
28635270,Rua João Correia da Silva,,Santo André,6148,19
28635275,Rua Dinorat Thurler Ruiz,,Santo André,6148,19
28635280,Rua João Cabral Sobrinho,,Santo André,6148,19
28635285,Rua Arquelau Onofre de Aguiar,,Santo André,6148,19
28635300,Rua Raul Lerher,,Santo André,6148,19
28635310,Rua Frontin Hissi,,Santo André,6148,19
28635320,Rua Vereador Eugênio Guilherme Spitz,,Santo André,6148,19
28635330,Rua Augusto José da Silva,,Santo André,6148,19
28635340,Rua Antônio Acácio Jandre,,Santo André,6148,19
28635360,Rua Marcolina da Rosa Pinheiro,,Conselheiro Paulino,6148,19
28635370,Rua Rubi,,Prado,6148,19
28635380,Rua Daudt,,Prado,6148,19
28635390,Rua Delcina Monteiro,,Prado,6148,19
28635400,Rua José Antônio da Rosa,,Prado,6148,19
28635410,Rua Plínio Salgado,,Conselheiro Paulino,6148,19
28635420,Rua Pedro Franco,,Conselheiro Paulino,6148,19
28635428,Estrada Francisco Luiz Zebende,,Conselheiro Paulino,6148,19
28635430,Rua Sebastião Martins,,Conselheiro Paulino,6148,19
28635434,Rua José Pinheiro,,Conselheiro Paulino,6148,19
28635436,Rua José Silva,,Conselheiro Paulino,6148,19
28635438,Rua Luiz de Araújo C. Penna,,Conselheiro Paulino,6148,19
28635444,Estrada José Siqueira,,Conselheiro Paulino,6148,19
28635460,Rua João Alberto Knust,,Conselheiro Paulino,6148,19
28635470,Rua Adriano Afonso Neto,,Conselheiro Paulino,6148,19
28635480,Rua Georgina Knust,,Conselheiro Paulino,6148,19
28635495,Rua José Ernesto Knust,,Conselheiro Paulino,6148,19
28635500,Rua Rufino Siqueira,,Conselheiro Paulino,6148,19
28635525,Rua Regina Breder,,Conselheiro Paulino,6148,19
28635530,Rua Eugênia de Almeida Maia,,Conselheiro Paulino,6148,19
28635545,Rua Presidente João Goulart,,Conselheiro Paulino,6148,19
28635547,Rua Pedro Mendes da Veiga,,Conselheiro Paulino,6148,19
28635555,Rua Joaquim Félix Gomes,,Conselheiro Paulino,6148,19
28635560,Rua Isaías Medeiros Lópes,,Rui Sanglard,6148,19
28635563,Rua Sanglard,,Conselheiro Paulino,6148,19
28635565,Rua José Acindino Pinto,,Rui Sanglard,6148,19
28635566,Rua Zelina Erthal Sanglard,,Rui Sanglard,6148,19
28635567,Rua José Poleti,,Rui Sanglard,6148,19
28635570,Travessa Coutinho,,Conselheiro Paulino,6148,19
28635575,Rua Ernestina Medeiro Bom,,Rui Sanglard,6148,19
28635580,Alameda Maria José Henrique Coutinho,,Rui Sanglard,6148,19
28635590,Rua Caixa D'Água,,Rui Sanglard,6148,19
28635595,Rua do Contorno,,Rui Sanglard,6148,19
28635600,Rua Adelino Alves Amorim,,Conselheiro Paulino,6148,19
28635610,Rua Maria Adelaide Amorim,,Rui Sanglard,6148,19
28635613,Estrada Horácio Augusto Folly,,Amparo,6148,19
28635615,Estrada João Bernardo Zebende,,Rui Sanglard,6148,19
28635617,Estrada Luiz Nestor Folly,,Rui Sanglard,6148,19
28635620,Rua Irmãos Amorim,,Rui Sanglard,6148,19
28635630,Rua Mar Báltico,,Conselheiro Paulino,6148,19
28635640,Rua Mar Cáspio,,Conselheiro Paulino,6148,19
28635650,Rua Mar do Caribe,,Conselheiro Paulino,6148,19
28635660,Rua Mar do Japão,,Conselheiro Paulino,6148,19
28635670,Rua Mar do Norte,,Conselheiro Paulino,6148,19
28635680,Rua Mar Mediterrâneo,,Conselheiro Paulino,6148,19
28635690,Rua Mar Negro,,Conselheiro Paulino,6148,19
28635704,Rua José Ruiz Galvez,,Prado,6148,19
28635706,Rua Antônio Ruiz Galvez,,Prado,6148,19
28635708,Rua Deputado J. G. de Araújo Jorge,,Prado,6148,19
28635710,Rua Melita Melhado,,Prado,6148,19
28635712,Rua Dinorat Thurler Ruiz,,Prado,6148,19
28635714,Rua Carmem Ruiz de Barros,,Prado,6148,19
28635716,Rua Andreia Ceccon Salarini,,Prado,6148,19
28635990,"Lugarejo Fazenda Patrocínio, s/n",,,6148,19
28635991,"Estrada da Boa Esperança, S/N",,,6148,19
28635992,"Praça Júlio José Pedro, 51",,,6148,19
28637000,,,,9479,19
28637970,"Rua da Conceição, s/n",,Centro,9479,19
28637971,"Rua do Posto de Saúde, s/n",,Campinas,9479,19
28637972,"Estrada da Escola Municipalizada, s/n",,Dona Mariana,9479,19
28637973,"Estrada Arrozal a soledade, s/n",,Soledade,9479,19
28640000,,,,2148,19
28640970,Rua Abreu Magalhães 35 Loja A,,Centro,2148,19
28640972,Praça São Pedro 36,,Influência,2148,19
28642000,,,Córrego da Prata,2148,19
28642970,Rua José Fernandes Soares 150,Centro,Córrego da Prata,2148,19
28644000,,,Porto Velho do Cunha,2148,19
28644970,"Rua Major Farjardo, s/n",Centro,Porto Velho do Cunha,2148,19
28650000,,,,3085,19
28650970,Avenida Getúlio Vargas 83,,Centro,3085,19
28650972,"Rodovia RJ-148, s/n Quilômetro 19",,Vargem Grande,3085,19
28650990,"Praça Pedro Henrique Ângelo, s/nº",,,3085,19
28655000,,,Monnerat,3085,19
28655970,Rua Doutor Porciúncula 5,Centro,Monnerat,3085,19
28660000,,,,1293,19
28660970,Praça Roberto Silveira 42,,Centro,1293,19
28662000,,,Banquete,1293,19
28662990,"Rua Júlio C.da Silva, 1",,,1293,19
28664000,,,São José do Ribeirão,1293,19
28664970,Rua Padre Sebastião Gastaldi 17,Centro,São José do Ribeirão,1293,19
28664990,"Praça São Sebastião Gastaldi, s/nº - São José do Ribeirão",,,1293,19
28664991,"Estrada da Silveira, s/nº",,,1293,19
28666970,"Fazenda JT, s/n",Centro,Barra Alegre,1293,19
28666990,"Rodovia RJ 146, Km 20",,,1293,19
28680000,,,,1622,19
28680970,Avenida Governador Roberto Silveira 114,,Centro,1622,19
28680990,"Rua Virtulino José Moraes, s/n",,,1622,19
28685000,,,Japuíba,1622,19
28685970,Rua Floriano Peixoto 532,Centro,Japuíba,1622,19
28690000,,,Subaio,1622,19
28690970,Estrada Rio-Friburgo Km 23,Maraporã,Subaio,1622,19
28695000,,,Papucaia,1622,19
28695970,Rua Nicola Politoff 226 Loja 2 Loja 3,,Papucaia,1622,19
28605020,Rua Sete de Setembro,,Centro,6148,19
28605160,Rua Professor Freze,,Vilage,6148,19
28605370,Praça Lino Alves da Fonseca Júnior,,Loteamento Sitio Jacina,6148,19
28605606,Rua Arminda Gripp Folly,,Amparo,6148,19
28610060,Rua Roberto Azevedo,,Centro,6148,19
28610100,Vila Ariosto Bento de Mello,,Centro,6148,19
28610343,Rua Delemont,,Suíço,6148,19
28610460,Rua Monte Líbano,,Centro,6148,19
28613370,Travessa São José,,Perissê,6148,19
28613380,Rua João Brasil,,Perissê,6148,19
28613505,Rua Almirante João Proença,,Perissê,6148,19
28614010,Rua Dimas Pedrosa,,Vila Guarani,6148,19
28614210,Rua Comendador José Mastrângelo,,Santa Elisa,6148,19
28615000,Rua Augusto Ferreira,,Mury,6148,19
28615020,Rua Antônio Edmundo Pokstaller,,Ypu,6148,19
28615083,Rua Deputado Waldir Costa,,Ponte da Saudade,6148,19
28615332,Rua Edina Ribeiro,,Mury,6148,19
28615630,Rua Valença,,Debossan,6148,19
28616065,Alameda das Nogueiras,,Parque Dom João VI,6148,19
28616102,Rua Pedro Gomes da Rocha,,Ponte da Saudade,6148,19
28616230,Rua das Nações,,Varginha,6148,19
28616235,Rua Euclides Bom,,Varginha,6148,19
28616300,Ladeira do Abel,,Varginha,6148,19
28616384,Rua Norma Baptista Pedron,,Varginha,6148,19
28616388,Rua do Beija-flor,,Varginha,6148,19
28617060,Rua Dante Latini,,Fazenda Bela Vista,6148,19
28620110,Rua Sacadura Cabral,,Olaria,6148,19
28620260,Rua Pedro Hugo Folly,,Olaria,6148,19
28620330,Rua Ari Parreiras,,Olaria,6148,19
28621215,Rua José Thurler da Silva,,Cônego,6148,19
28621230,Rua Tupiniquins,,Vargem Grande,6148,19
28621455,Rua Engenheiro Sérgio Magalhães dos Santos Cabral,,Cascatinha,6148,19
28621520,Rua Carmem Galvez Lopes,,Cônego,6148,19
28621673,Rua Maria Ferreira Medeiros,,Cônego,6148,19
28623110,Rua Maranhão,,Bela Vista,6148,19
28625690,Rua Carlos Magno do Valle,,Centro,6148,19
28630040,Praça da Bandeira,,Vila Nova,6148,19
28630070,Travessa das Camélias,,Vila Nova,6148,19
28630100,Rua Marino Pinto,,Duas Pedras,6148,19
28630210,Rua Pergentino José Saipa,,Vila Nova,6148,19
28630333,Rua Manoel Borges de Borba,,São Geraldo,6148,19
28630441,Rua Vale da Montanha,,São Geraldo,6148,19
28630442,Rua Aracruz,,São Geraldo,6148,19
28630540,Rua Campestre,,Campo do Coelho,6148,19
28630587,Rua João de Simas,,Campo do Coelho,6148,19
28630615,Rua Açussena,,Campo do Coelho,6148,19
28630650,Rua Margarida Brantes,,Campo do Coelho,6148,19
28633315,Rua Antônio Roque de Almeida,,Prado,6148,19
28633590,Rua Miguel Correia da Silva,,Conselheiro Paulino,6148,19
28633633,Rua Vinino Fernandes Ribeiro,,Conselheiro Paulino,6148,19
28634010,Rua João Marques,,Loteamento Santa Teresinha,6148,19
28634258,Rua Herculano Knust,,Riograndina,6148,19
28634515,Rua Inglaterra,,Riograndina,6148,19
28635030,Rua Norival Duarte Filho,,Conselheiro Paulino,6148,19
28635450,Rua Clarice Storck dos Santos,,Conselheiro Paulino,6148,19
28635505,Rua Babilônia,,Conselheiro Paulino,6148,19
28635540,Rua Jorge Paulo de Souza Maia,,Conselheiro Paulino,6148,19
28635720,Rua Alberto Ceccon Ceccon,,Prado,6148,19
28662970,"Praça José Cláudio Monerat, s/n",Centro,Banquete,1293,19
28666000,,,Barra Alegre,1293,19
28666971,"Rua José Alberto Erthal, s/n",Côrrego de Santo Antonio,Barra Alegre,1293,19
28605105,Rua José Namen,,Centro,6148,19
28605330,Rua Sinder,,Loteamento Sitio Jacina,6148,19
28605348,Rua Sena Madureira,,Loteamento Sitio Jacina,6148,19
28605485,Rua Joaquim Moreira da Silva,,Chácara Paraíso,6148,19
28605533,Rua Vinte e Seis de Março,,Amparo,6148,19
28605721,Rua Fani Segal,,Nova Suíça,6148,19
28605990,"Rua Romana Vilas Boas Schuenck, s/nº",,,6148,19
28610070,Rua Luiza Engert,,Centro,6148,19
28610303,Rua Asth,,Centro,6148,19
28610305,Rua Francisco Espargoli,,Centro,6148,19
28610307,Rua Rio Tocantins Santa Fé,,Centro,6148,19
28610309,Rua Bom Santa Fé,,Centro,6148,19
28613360,Rua São José,,Perissê,6148,19
28613483,Rua José Jalmir Teixeira,,Perissê,6148,19
28614095,Rua Erthal,,Catarcione,6148,19
28614253,Rua Andrés Nobell Soler,,Catarcione,6148,19
28615066,Rua Estados Unidos,,Ponte da Saudade,6148,19
28615323,Estrada Catalão,,Theodoro de Oliveira,6148,19
28615457,Estrada Alto dos Cinquenta,,Mury,6148,19
28616020,Praça Eugênio Gustavo Brust,,Lumiar,6148,19
28616133,Rua Francisco Eller,,São Pedro da Serra,6148,19
28616156,Rua Américo Blaudt,,São Pedro da Serra,6148,19
28616158,Rua João Pedro Blaudt,,São Pedro da Serra,6148,19
28616270,Travessa Manoel José Alexandre,,Varginha,6148,19
28620107,Rua Augusto Nicolau Rodrigues,,Olaria,6148,19
28620190,Rua Gago Coutinho,,Olaria,6148,19
28620235,Travessa Durval Muniz Gonçalves,,Olaria,6148,19
28620305,Rua Júlia Irene Gomes Andrade,,Olaria,6148,19
28621133,Rua Cravo Branco,,Cônego,6148,19
28621134,Rua Margarida,,Cônego,6148,19
28621136,Rua Lírios do Campo,,Cônego,6148,19
28621210,Rua José Athanásio Santana,,Cônego,6148,19
28621250,Rua Aimorés,,Vargem Grande,6148,19
28621295,Rua José da Silva Silveira,,Cônego,6148,19
28621395,Rua Doutor Jofre Ferreira da Costa,,Cascatinha,6148,19
28621433,Rua Antônio José Frottè,,Cascatinha,6148,19
28621593,Rua da Paz,(Sítio das Rosas),Cascatinha,6148,19
28621596,Rua Gentil do Ouro,,Cascatinha,6148,19
28621597,Rua Gabiarra,,Cascatinha,6148,19
28621677,Estrada do Garrafão,,Cônego,6148,19
28623570,Rua Doutor Antônio Vitielo,,Olaria,6148,19
28623583,Travessa Jardim Primavera,,Olaria,6148,19
28625450,Rua José Martins Barbosa,,Centro,6148,19
28630390,Rua Rostain Pinto de Faria,,São Geraldo,6148,19
28630436,Rua Serra Dourada,,São Geraldo,6148,19
28630453,Rua João Donato dos Reis,,São Geraldo,6148,19
28630503,Rua Atílio Orlando,,Campo do Coelho,6148,19
28630523,Rua Luiz Gonzaga de Souza,,Campo do Coelho,6148,19
28630527,Rua Bernadete Corga Cardinot,,Campo do Coelho,6148,19
28630528,Rua Nilo Iraquitan C Teixeira,,Campo do Coelho,6148,19
28630533,Rua Cantagalo,,Campo do Coelho,6148,19
28630537,Rua Sumidouro,,Campo do Coelho,6148,19
28630592,Rua Saquarema,,Campo do Coelho,6148,19
28630594,Rua São Carlos,,Campo do Coelho,6148,19
28630596,Rua Rogério Stutz Pereira,,Campo do Coelho,6148,19
28630598,Rua Ademar Breder,,Campo do Coelho,6148,19
28630599,Rua Durval Silveira,,Campo do Coelho,6148,19
28630602,Rua Papucaia,,Campo do Coelho,6148,19
28630623,Rua Água Viva,,Campo do Coelho,6148,19
28630627,Rua José Lincoln de Carvalho,,Campo do Coelho,6148,19
28630992,"Rua Jonas Mendes, nº 75",,,6148,19
28633300,Rua Rio Doce,,Jardinlândia,6148,19
28633523,Rua Botafogo,,Conselheiro Paulino,6148,19
28633525,Rua Terra Nova,,Conselheiro Paulino,6148,19
28633617,Rua Nilzo Bravo,,Conselheiro Paulino,6148,19
28633627,Rua Dulcinea da Silva Motta Ramadinha,,Conselheiro Paulino,6148,19
28633720,Rua Marfisa Rosa da Silva,,Jardim Califórnia,6148,19
28633786,Rua José Rodrigues Corrêa,,Conselheiro Paulino,6148,19
28633798,Rua Chucuru,,Jardim Califórnia,6148,19
28634063,Rua João Pereira Marins,,Conselheiro Paulino,6148,19
28634241,Rua Maria Therezinha de Souza Daudt,(Vale das Palmas),Conselheiro Paulino,6148,19
28634473,Rua Maria Rosa de Jesus Pará,,Riograndina,6148,19
28635245,Rua Júlio Correa da Silva,,Santo André,6148,19
28635250,Rua Sizenando Salarini,,Santo André,6148,19
28635273,Servidão Novo Oriente,,Santo André,6148,19
28635350,Rua Joel Ouverney,,Santo André,6148,19
28635363,Rua Cândida Francisca de Azevedo,,Conselheiro Paulino,6148,19
28635365,Rua Heitor Capozzi,,Conselheiro Paulino,6148,19
28635700,Rua Mar Vermelho,,Conselheiro Paulino,6148,19
28635707,Rua Rubey Ruiz Galvão Prado,,Prado,6148,19
28635718,Rua Paulo Ceccon Salarini,,Prado,6148,19
28636899,Área Rural,,Área Rural de Nova Friburgo,6148,19
28640971,Rua Sebastião Ferreira da Costa 509,,Barra de São Francisco,2148,19
28650971,"Rua José Ribeiro Serafim, s/n",,Fazenda do Campo,3085,19
28664971,"Estrada RJ - 146, s/n",Alto do São José,São José do Ribeirão,1293,19
28605355,Rua Professora Paula Coutinho Malhard,,Chácara Paraíso,6148,19
28605556,Rua Francisco Marcelo Gripp,,Amparo,6148,19
28605576,Rua Glaphira Stutz Gripp,,Amparo,6148,19
28605615,Rua Vereador Francisco Porto,,Chácara Paraíso,6148,19
28605701,Rua Verly,,Nova Suíça,6148,19
28605702,Rua Adélia Wermelinger Duarte,,Nova Suíça,6148,19
28605703,Rua Pedro Francisco de Mello,,Nova Suíça,6148,19
28605709,Rua Paulino Silva,,Nova Suíça,6148,19
28605711,Rua Waldir de Britos,,Nova Suíça,6148,19
28605713,Rua Reynaldo Braga da Silva,,Nova Suíça,6148,19
28605716,Rua Norival Bravo,,Nova Suíça,6148,19
28605718,Rua José Alcebíades do Amaral,,Nova Suíça,6148,19
28605724,Rua João Caputo,,Nova Suíça,6148,19
28605726,Rua Pedro Rodrigues de Almeida,,Nova Suíça,6148,19
28605728,Rua Milton Marçal Darrieux,,Nova Suíça,6148,19
28611172,Rua Luiza de Araújo Iezzi,,Braunes,6148,19
28611211,Rua Professor Hideo Kato,,Braunes,6148,19
28611218,Rua Adhemar do Couto Raposo,,Braunes,6148,19
28613735,Rua Leordina de Araújo Ennes,,Cordoeira,6148,19
28614093,Rua Heggendorn,(Lot Sta Elisa),Catarcione,6148,19
28615062,Rua São Bernardo,,Mury,6148,19
28615208,Rua José Caetano Pinto,,Ponte da Saudade,6148,19
28615211,Rua Jornalista José Izaias Durão,,Ponte da Saudade,6148,19
28615567,Rua Carlito Marchon,,Debossan,6148,19
28616046,Rua Carlos Oscar Spitz,,Lumiar,6148,19
28616047,Rua Genésio Egger,,Lumiar,6148,19
28616056,Rua José Domingos Benvenuti,,Lumiar,6148,19
28616116,Estrada Luiz Ouverney,,São Pedro da Serra,6148,19
28616117,Estrada Constância Heringer,,São Pedro da Serra,6148,19
28616118,Estrada Alécio Walter Ouverney,,São Pedro da Serra,6148,19
28616119,Estrada Manoel Knupp,,São Pedro da Serra,6148,19
28616159,Estrada João Heringer,,São Pedro da Serra,6148,19
28616972,Rua Júlio Ambrósio Palmerin 283 Loja 1,,Lumiar,6148,19
28620033,Rua Américo de Castro Pimentel,,Olaria,6148,19
28620152,Rua Anestor Raposo,,Olaria,6148,19
28620153,Rua Alberto Torres,,Olaria,6148,19
28621033,Rua Vereador Jayme de Siqueira Castro,,Cônego,6148,19
28621042,Rua José Storck,,Cônego,6148,19
28621111,Rua Manoel Teixeira Júnior,,Cônego,6148,19
28621113,Travessa Cenira Rodrigues de Azevedo,,Cônego,6148,19
28621115,Rua José Belmiro de Azevedo,,Cônego,6148,19
28621132,Rua Alvarino Bessa,,Cônego,6148,19
28621138,Rua Ubatuba,,Cônego,6148,19
28621302,Rua Rubens José Darcy,,Cônego,6148,19
28621303,Rua Professor Eurípedes Vieira de Castilho,,Cônego,6148,19
28621453,Rua Ondina do Couto Fracassio,,Cascatinha,6148,19
28621503,Rua Huguenin,,Cascatinha,6148,19
28621672,Rua Bernardo Salim Ribeiro,,Cônego,6148,19
28625015,Alameda João Torres Xavier,,Centro,6148,19
28625185,Rua Governador Carlos Lacerda,,Parque São Clemente,6148,19
28630335,Rua Raul de Souza Monte Alto,,São Geraldo,6148,19
28630346,Rua Lo Bianco Pasquale,,Parque Residencial Solares,6148,19
28630431,Rua Nova Terra,,São Geraldo,6148,19
28630452,Travessa José Miranda da Rocha,,São Geraldo,6148,19
28630457,Rua João Gonçalves Bastos,,São Geraldo,6148,19
28630505,Rua João Brantes,,Campo do Coelho,6148,19
28630588,Estrada Cypriano Mendes da Veiga,,Campo do Coelho,6148,19
28630591,Rua João Baptista Wermellinger,,Campo do Coelho,6148,19
28633317,Rua José Pereira da Costa Filho,,Prado,6148,19
28633445,Rua Manuel Domingues Sobrinho,,Conselheiro Paulino,6148,19
28633447,Rua José Domingues Sobrinho,,Conselheiro Paulino,6148,19
28633517,Rua Hans Etz,,Conselheiro Paulino,6148,19
28633519,Rua Paulo de Tarso,,Conselheiro Paulino,6148,19
28633522,Rua Simão Pedro,,Conselheiro Paulino,6148,19
28633542,Rua Francisca Rosa de Jesus Demani,,Conselheiro Paulino,6148,19
28633552,Rua Hélio Teperino,,Conselheiro Paulino,6148,19
28633554,Rua Giuseppe Michetti,,Conselheiro Paulino,6148,19
28633631,Rua Salvador Bonin,,Conselheiro Paulino,6148,19
28633632,Rua Edwirges Ferreira Guerra,,Conselheiro Paulino,6148,19
28633787,Rua Ivanir Grandini,,Conselheiro Paulino,6148,19
28634185,Rua Vereador Burkhardt,,Riograndina,6148,19
28634438,Avenida Alcino da Cunha Ferraz,,Riograndina,6148,19
28635004,Rua José Maria Coutinho,,Duas Pedras,6148,19
28635583,Rua Enoc Balbino Cirilo,,Rui Sanglard,6148,19